package,version,status,asset_kind,tfm,assembly,assembly_bytes,bytes_fetched,nupkg_bytes,public_types,methods_public,properties,events,ctors,operators,api_total,methods_private,methods_protected,methods_internal,m_static,m_virtual,m_abstract,m_sealed,m_generic,t_interface,t_abstract,t_sealed,fields_public,all_types,methoddef_rows,typedef_rows
runtime.debian.8-x64.runtime.native.System.Security.Cryptography.OpenSsl,4.3.3,metapackage,,,,,53676,53676,,,,,,,,,,,,,,,,,,,,,,
runtime.rhel.7-x64.runtime.native.System.Security.Cryptography.OpenSsl,4.3.3,metapackage,,,,,51921,51921,,,,,,,,,,,,,,,,,,,,,,
Microsoft.NETCore.Platforms,7.0.4,metapackage,,,,,49157,49157,,,,,,,,,,,,,,,,,,,,,,
Microsoft.NETCore.Targets,5.0.0,metapackage,,,,,35893,35893,,,,,,,,,,,,,,,,,,,,,,
runtime.ubuntu.14.04-x64.runtime.native.System.Security.Cryptography.OpenSsl,4.3.3,metapackage,,,,,52395,52395,,,,,,,,,,,,,,,,,,,,,,
runtime.native.System,4.3.1,metapackage,,,,,29727,29727,,,,,,,,,,,,,,,,,,,,,,
runtime.opensuse.13.2-x64.runtime.native.System.Security.Cryptography.OpenSsl,4.3.3,metapackage,,,,,53445,53445,,,,,,,,,,,,,,,,,,,,,,
runtime.native.System.Security.Cryptography.OpenSsl,4.3.3,metapackage,,,,,26290,26290,,,,,,,,,,,,,,,,,,,,,,
runtime.osx.10.10-x64.runtime.native.System.Security.Cryptography.OpenSsl,4.3.3,metapackage,,,,,47013,47013,,,,,,,,,,,,,,,,,,,,,,
runtime.fedora.23-x64.runtime.native.System.Security.Cryptography.OpenSsl,4.3.3,metapackage,,,,,52088,52088,,,,,,,,,,,,,,,,,,,,,,
runtime.fedora.24-x64.runtime.native.System.Security.Cryptography.OpenSsl,4.3.3,metapackage,,,,,52102,52102,,,,,,,,,,,,,,,,,,,,,,
runtime.ubuntu.16.04-x64.runtime.native.System.Security.Cryptography.OpenSsl,4.3.3,metapackage,,,,,52190,52190,,,,,,,,,,,,,,,,,,,,,,
runtime.opensuse.42.1-x64.runtime.native.System.Security.Cryptography.OpenSsl,4.3.3,metapackage,,,,,53391,53391,,,,,,,,,,,,,,,,,,,,,,
NETStandard.Library,2.0.3,ok,build,,build/netstandard2.0/ref/System.dll,47240,85796,3146139,0,0,0,0,0,0,0,0,0,0,0,0,0,0,0,0,0,0,0,1,0,1
runtime.native.System.Net.Http,4.3.1,metapackage,,,,,29770,29770,,,,,,,,,,,,,,,,,,,,,,
runtime.ubuntu.16.10-x64.runtime.native.System.Security.Cryptography.OpenSsl,4.3.3,metapackage,,,,,52228,52228,,,,,,,,,,,,,,,,,,,,,,
Microsoft.NET.Sdk.Aspire.Manifest-8.0.100,8.2.2,metapackage,,,,,34941,34941,,,,,,,,,,,,,,,,,,,,,,
runtime.native.System.Data.SqlClient.sni,4.7.0,metapackage,,,,,26713,26713,,,,,,,,,,,,,,,,,,,,,,
Swashbuckle.AspNetCore,10.2.3,metapackage,,,,,16490,16490,,,,,,,,,,,,,,,,,,,,,,
Microsoft.EntityFrameworkCore.Analyzers,10.0.11,ok,analyzers,,analyzers/dotnet/cs/Microsoft.EntityFrameworkCore.Analyzers.dll,42808,74354,51749,5,5,19,0,4,0,24,35,0,13,11,9,0,0,0,0,0,4,63,30,101,30
runtime.osx.10.10-x64.runtime.native.System.Security.Cryptography.Apple,4.3.1,metapackage,,,,,19584,19584,,,,,,,,,,,,,,,,,,,,,,
xunit.core,2.9.3,metapackage,,,,,33553,33553,,,,,,,,,,,,,,,,,,,,,,
Microsoft.NET.Test.Sdk,18.9.0,metapackage,,,,,40379,40379,,,,,,,,,,,,,,,,,,,,,,
runtime.native.System.IO.Compression,4.3.2,metapackage,,,,,29794,29794,,,,,,,,,,,,,,,,,,,,,,
runtime.native.System.Security.Cryptography.Apple,4.3.1,metapackage,,,,,16967,16967,,,,,,,,,,,,,,,,,,,,,,
runtime.native.System.Security.Cryptography,4.3.4,metapackage,,,,,29901,29901,,,,,,,,,,,,,,,,,,,,,,
Microsoft.NET.Workload.Mono.ToolChain.Current.Manifest-8.0.100,8.0.30,metapackage,,,,,55995,55995,,,,,,,,,,,,,,,,,,,,,,
xunit,2.9.3,metapackage,,,,,31659,31659,,,,,,,,,,,,,,,,,,,,,,
Microsoft.NET.Workload.Mono.ToolChain.net7.Manifest-8.0.100,8.0.30,metapackage,,,,,52515,52515,,,,,,,,,,,,,,,,,,,,,,
Microsoft.NET.Sdk.macOS.Manifest-8.0.100,15.0.8319,metapackage,,,,,32107,32107,,,,,,,,,,,,,,,,,,,,,,
Microsoft.NET.Workload.Emscripten.net6.Manifest-8.0.100,8.0.30,metapackage,,,,,35582,35582,,,,,,,,,,,,,,,,,,,,,,
xunit.runner.visualstudio,4.0.0,ok,build,,build/net472/xunit.abstractions.dll,21928,77163,1390337,73,33,78,0,0,0,111,0,0,0,0,114,114,0,0,73,73,0,0,74,114,74
Microsoft.NET.Workload.Emscripten.Current.Manifest-8.0.100,8.0.30,metapackage,,,,,35932,35932,,,,,,,,,,,,,,,,,,,,,,
Microsoft.Extensions.ApiDescription.Server,10.0.11,ok,tools,,tools/Newtonsoft.Json.dll,722552,342910,5242841,144,749,705,8,169,72,1462,1115,101,453,204,665,33,55,0,9,24,48,2204,494,4208,494
Microsoft.NET.Workload.Emscripten.net7.Manifest-8.0.100,8.0.30,metapackage,,,,,35898,35898,,,,,,,,,,,,,,,,,,,,,,
System.Composition,10.0.11,metapackage,,,,,46406,46406,,,,,,,,,,,,,,,,,,,,,,
Microsoft.NET.Workload.Mono.ToolChain.net6.Manifest-8.0.100,8.0.30,metapackage,,,,,52338,52338,,,,,,,,,,,,,,,,,,,,,,
Microsoft.Data.SqlClient.SNI.runtime,,error:ValueError,,,,,,,,,,,,,,,,,,,,,,,,,,,,
Microsoft.NET.Sdk.iOS.Manifest-8.0.100,18.0.8319,metapackage,,,,,32223,32223,,,,,,,,,,,,,,,,,,,,,,
Microsoft.NET.Sdk.Maui.Manifest-8.0.100,8.0.100,metapackage,,,,,40711,40711,,,,,,,,,,,,,,,,,,,,,,
coverlet.collector,10.0.1,ok,build,,build/net8.0/Mono.Cecil.dll,372824,234243,4888920,178,305,834,1,116,4,1140,707,81,163,35,552,91,217,0,23,36,130,1952,351,3152,351
Microsoft.NET.Sdk.MacCatalyst.Manifest-8.0.100,18.0.8319,metapackage,,,,,32137,32137,,,,,,,,,,,,,,,,,,,,,,
Microsoft.NET.Sdk.Android.Manifest-8.0.100,34.0.154,metapackage,,,,,31179,31179,,,,,,,,,,,,,,,,,,,,,,
xunit.analyzers,2.0.0,ok,analyzers,,analyzers/dotnet/cs/xunit.analyzers.dll,376072,235313,333279,150,310,454,0,101,0,764,355,72,377,319,349,92,118,0,9,38,25,980,357,1789,357
Microsoft.NET.Sdk.tvOS.Manifest-8.0.100,18.0.8319,metapackage,,,,,32101,32101,,,,,,,,,,,,,,,,,,,,,,
System.Private.Uri,4.3.2,metapackage,,,,,26095,26095,,,,,,,,,,,,,,,,,,,,,,
runtime.win-x86.runtime.native.System.Data.SqlClient.sni,,error:ValueError,,,,,,,,,,,,,,,,,,,,,,,,,,,,
runtime.native.System.Net.Security,4.3.1,metapackage,,,,,29784,29784,,,,,,,,,,,,,,,,,,,,,,
runtime.win-x64.runtime.native.System.Data.SqlClient.sni,,error:ValueError,,,,,,,,,,,,,,,,,,,,,,,,,,,,
runtime.win-arm64.runtime.native.System.Data.SqlClient.sni,,error:ValueError,,,,,,,,,,,,,,,,,,,,,,,,,,,,
Microsoft.NETCore.DotNetHostResolver,8.0.30,metapackage,,,,,47362,47362,,,,,,,,,,,,,,,,,,,,,,
Microsoft.NETCore.DotNetHostPolicy,8.0.30,metapackage,,,,,47397,47397,,,,,,,,,,,,,,,,,,,,,,
NUnit3TestAdapter,6.3.0,ok,build,,build/net462/nunit.engine.dll,75264,100657,581248,36,97,48,2,30,2,147,127,12,10,6,98,4,67,0,3,6,7,195,58,353,58
Microsoft.NET.Sdk.MacCatalyst.Manifest-6.0.400,16.4.60,metapackage,,,,,27408,27408,,,,,,,,,,,,,,,,,,,,,,
Microsoft.NET.Sdk.iOS.Manifest-6.0.400,16.4.60,metapackage,,,,,27448,27448,,,,,,,,,,,,,,,,,,,,,,
MSTest.TestAdapter,4.4.0,ok,buildtransitive,,buildTransitive/net462/MSTest.TestAdapter.dll,152416,133312,1994070,4,7,147,0,0,0,154,217,10,134,7,0,0,0,0,0,3,4,559,177,697,177
NuGet.CommandLine,7.9.0,metapackage,,,,,65558,5142151,,,,,,,,,,,,,,,,,,,,,,
Microsoft.NET.Sdk.macOS.Manifest-6.0.400,13.3.60,metapackage,,,,,27360,27360,,,,,,,,,,,,,,,,,,,,,,
Microsoft.NET.Sdk.Android.Manifest-6.0.400,32.0.509,metapackage,,,,,33904,33904,,,,,,,,,,,,,,,,,,,,,,
Microsoft.EntityFrameworkCore.Tools,10.0.11,ok,tools,,tools/net8.0/any/ef.dll,113976,114659,282618,10,24,183,0,6,0,207,77,54,35,1,30,12,0,0,3,4,1,276,93,572,93
Microsoft.NET.Sdk.tvOS.Manifest-6.0.400,16.4.60,metapackage,,,,,27366,27366,,,,,,,,,,,,,,,,,,,,,,
SQLitePCLRaw.bundle_e_sqlite3,3.0.5,metapackage,,,,,16152,16152,,,,,,,,,,,,,,,,,,,,,,
Microsoft.NET.Workload.Emscripten.Manifest-6.0.400,6.0.36,metapackage,,,,,35677,35677,,,,,,,,,,,,,,,,,,,,,,
Microsoft.EntityFrameworkCore.Sqlite,10.0.11,metapackage,,,,,29896,29896,,,,,,,,,,,,,,,,,,,,,,
Microsoft.NET.Sdk.Maui.Manifest-6.0.400,6.0.553,metapackage,,,,,26272,26272,,,,,,,,,,,,,,,,,,,,,,
Microsoft.NET.Workload.Mono.ToolChain.Manifest-6.0.400,6.0.36,metapackage,,,,,48756,48756,,,,,,,,,,,,,,,,,,,,,,
Grpc.Tools,2.83.0,ok,build,,build/_protobuf/net45/Protobuf.MSBuild.dll,24576,77580,23904464,6,9,30,0,4,0,39,21,12,8,0,12,0,0,0,0,0,2,53,22,118,22
Microsoft.NET.Workload.Mono.ToolChain.Current.Manifest-9.0.100,9.0.19,metapackage,,,,,54171,54171,,,,,,,,,,,,,,,,,,,,,,
Microsoft.NET.Workload.Emscripten.Current.Manifest-9.0.100,9.0.19,metapackage,,,,,31914,31914,,,,,,,,,,,,,,,,,,,,,,
Microsoft.NETCore.DotNetAppHost,10.0.11,metapackage,,,,,43696,43696,,,,,,,,,,,,,,,,,,,,,,
Microsoft.NET.Workload.Emscripten.net7.Manifest-9.0.100,9.0.19,metapackage,,,,,31500,31500,,,,,,,,,,,,,,,,,,,,,,
Microsoft.NET.Workload.Mono.ToolChain.net8.Manifest-9.0.100,9.0.19,metapackage,,,,,48847,48847,,,,,,,,,,,,,,,,,,,,,,
Microsoft.NET.Workload.Emscripten.net8.Manifest-9.0.100,9.0.19,metapackage,,,,,31545,31545,,,,,,,,,,,,,,,,,,,,,,
Microsoft.VisualStudio.Azure.Containers.Tools.Targets,1.23.0,ok,tools,,tools/Newtonsoft.Json.dll,712312,335535,992702,143,748,705,8,166,72,1461,1107,101,441,204,665,33,55,0,9,24,48,2167,497,4186,497
Microsoft.NET.Workload.Mono.ToolChain.net7.Manifest-9.0.100,9.0.19,metapackage,,,,,48866,48866,,,,,,,,,,,,,,,,,,,,,,
Microsoft.NET.Workload.Mono.ToolChain.net6.Manifest-9.0.100,9.0.19,metapackage,,,,,48686,48686,,,,,,,,,,,,,,,,,,,,,,
Microsoft.NET.Workload.Emscripten.net6.Manifest-9.0.100,9.0.19,metapackage,,,,,31454,31454,,,,,,,,,,,,,,,,,,,,,,
Microsoft.AspNetCore.Components.Analyzers,10.0.11,ok,analyzers,,analyzers/dotnet/cs/Microsoft.AspNetCore.Components.Analyzers.dll,58152,89088,63387,12,7,49,0,6,0,56,28,0,62,0,13,0,2,0,0,6,9,96,59,172,59
jQuery,3.7.1,metapackage,,,,,65558,385645,,,,,,,,,,,,,,,,,,,,,,
Microsoft.NETCore.Runtime.CoreCLR,2.0.8,metapackage,,,,,28932,28932,,,,,,,,,,,,,,,,,,,,,,
Microsoft.AspNet.WebApi,5.3.0,metapackage,,,,,36514,36514,,,,,,,,,,,,,,,,,,,,,,
Microsoft.CodeAnalysis.Analyzers,5.9.0,ok,analyzers,,analyzers/dotnet/cs/Microsoft.CodeAnalysis.Analyzers.dll,2454824,929155,2532011,143,381,1951,0,90,7,2332,3142,520,1728,66,259,20,140,0,0,22,120,6948,1959,12859,1959
Microsoft.NET.Sdk.iOS.Manifest-9.0.100,26.5.9004,metapackage,,,,,32652,32652,,,,,,,,,,,,,,,,,,,,,,
StyleCop.Analyzers,1.1.118,ok,analyzers,,analyzers/dotnet/cs/StyleCop.Analyzers.dll,690688,266753,377566,5,5,840,0,2,0,845,1019,60,725,0,6,0,4,0,0,0,4,2622,452,3150,452
Microsoft.NETCore.Jit,2.0.8,metapackage,,,,,28531,28531,,,,,,,,,,,,,,,,,,,,,,
SkiaSharp.NativeAssets.macOS,4.151.2,metapackage,,,,,65558,7650306,,,,,,,,,,,,,,,,,,,,,,
librdkafka.redist,,error:ValueError,,,,,,,,,,,,,,,,,,,,,,,,,,,,
coverlet.msbuild,10.0.1,ok,tasks,,tasks/net8.0/Mono.Cecil.dll,372824,234236,4536724,178,305,834,1,116,4,1140,707,81,163,35,552,91,217,0,23,36,130,1952,351,3152,351
Microsoft.NET.Sdk.Maui.Manifest-9.0.100,9.0.120,metapackage,,,,,41522,41522,,,,,,,,,,,,,,,,,,,,,,
runtime.unix.System.Private.Uri,4.3.2,ok,runtimes,,runtimes/unix/lib/netstandard1.0/System.Private.Uri.dll,126208,125168,85378,7,20,116,0,14,2,136,116,9,169,12,6,0,0,0,0,0,4,480,63,471,63
Microsoft.NET.Sdk.MacCatalyst.Manifest-9.0.100,26.5.9004,metapackage,,,,,32555,32555,,,,,,,,,,,,,,,,,,,,,,
Microsoft.AspNetCore.Razor.Design,2.3.0,ok,tools,,tools/rzc.dll,119824,122804,4395179,3,0,117,0,0,0,117,139,43,53,0,0,0,0,0,0,0,3,412,115,544,115
runtime.unix.System.Diagnostics.Debug,4.3.0,ok,runtimes,,runtimes/unix/lib/netstandard1.3/System.Diagnostics.Debug.dll,40832,60791,38808,1,23,22,0,0,0,45,16,1,56,23,0,0,0,0,0,1,1,166,23,107,23
Microsoft.NET.Sdk.macOS.Manifest-9.0.100,26.5.9004,metapackage,,,,,32510,32510,,,,,,,,,,,,,,,,,,,,,,
Microsoft.NET.Sdk.tvOS.Manifest-9.0.100,26.5.9004,metapackage,,,,,32508,32508,,,,,,,,,,,,,,,,,,,,,,
SQLitePCLRaw.lib.e_sqlite3,,error:ValueError,,,,,,,,,,,,,,,,,,,,,,,,,,,,
runtime.unix.System.Runtime.Extensions,4.3.1,ok,runtimes,,runtimes/unix/lib/netstandard1.5/System.Runtime.Extensions.dll,75520,100298,63231,5,58,65,0,4,2,123,61,4,91,52,4,0,1,0,0,3,4,181,33,290,33
Microsoft.NET.Sdk.Android.Manifest-9.0.100,35.0.105,metapackage,,,,,55345,55345,,,,,,,,,,,,,,,,,,,,,,
Grpc.AspNetCore,2.83.0,metapackage,,,,,37359,37359,,,,,,,,,,,,,,,,,,,,,,
Microsoft.NETCore.Windows.ApiSets,1.0.1,metapackage,,,,,17111,17111,,,,,,,,,,,,,,,,,,,,,,
Microsoft.AspNetCore.App.Runtime.linux-x64,10.0.11,ok,runtimes,,runtimes/linux-x64/lib/net10.0/System.Formats.Cbor.dll,161104,143892,12928716,7,70,82,0,6,0,152,76,2,63,0,0,0,0,0,0,0,4,276,31,302,31
Microsoft.NET.Workload.Mono.ToolChain.net7.Manifest-7.0.100,7.0.20,metapackage,,,,,52468,52468,,,,,,,,,,,,,,,,,,,,,,
Microsoft.NET.Workload.Mono.ToolChain.net6.Manifest-7.0.100,7.0.20,metapackage,,,,,52292,52292,,,,,,,,,,,,,,,,,,,,,,
Microsoft.NET.Workload.Emscripten.net6.Manifest-7.0.100,7.0.20,metapackage,,,,,35475,35475,,,,,,,,,,,,,,,,,,,,,,
Microsoft.NET.Sdk.MacCatalyst.Manifest-7.0.100,16.4.7142,metapackage,,,,,30415,30415,,,,,,,,,,,,,,,,,,,,,,
Microsoft.NET.Sdk.Maui.Manifest-7.0.100,7.0.101,metapackage,,,,,35471,35471,,,,,,,,,,,,,,,,,,,,,,
Microsoft.NET.Sdk.Functions,4.6.0,ok,tools,,tools/net6.0/Mono.Cecil.dll,366136,230548,533006,178,294,827,1,116,4,1122,694,81,159,35,541,88,209,0,23,36,130,1929,349,3112,349
Microsoft.NET.Sdk.Android.Manifest-7.0.100,33.0.95,metapackage,,,,,35324,35324,,,,,,,,,,,,,,,,,,,,,,
Microsoft.NET.Sdk.macOS.Manifest-7.0.100,13.3.7142,metapackage,,,,,30372,30372,,,,,,,,,,,,,,,,,,,,,,
Microsoft.NET.Sdk.tvOS.Manifest-7.0.100,16.4.7142,metapackage,,,,,30378,30378,,,,,,,,,,,,,,,,,,,,,,
Microsoft.NETCore.App.Runtime.linux-x64,10.0.11,ok,runtimes,,runtimes/linux-x64/lib/net10.0/System.dll,50472,85569,40081770,0,0,0,0,0,0,0,0,0,0,0,0,0,0,0,0,0,0,0,1,0,1
Microsoft.NET.Workload.Emscripten.net7.Manifest-7.0.100,7.0.20,metapackage,,,,,35780,35780,,,,,,,,,,,,,,,,,,,,,,
Libuv,,error:ValueError,,,,,,,,,,,,,,,,,,,,,,,,,,,,
Microsoft.Azure.Functions.Worker.ProjectTemplates,4.0.5590,metapackage,,,,,39769,39769,,,,,,,,,,,,,,,,,,,,,,
Microsoft.NET.Sdk.iOS.Manifest-7.0.100,16.4.7142,metapackage,,,,,30482,30482,,,,,,,,,,,,,,,,,,,,,,
Microsoft.NETCore.App.Host.linux-x64,10.0.11,metapackage,,,,,65558,5563958,,,,,,,,,,,,,,,,,,,,,,
Microsoft.NET.Sdk.Aspire.Manifest-8.0.100.Msi.x64,8.2.2,metapackage,,,,,65558,370464,,,,,,,,,,,,,,,,,,,,,,
runtime.unix.System.IO.FileSystem,4.3.0,ok,runtimes,,runtimes/unix/lib/netstandard1.3/System.IO.FileSystem.dll,98160,108037,62460,9,140,140,0,13,0,280,110,13,180,85,41,3,0,0,0,3,7,291,56,601,56
Humanizer,3.0.10,metapackage,,,,,35728,35728,,,,,,,,,,,,,,,,,,,,,,
Microsoft.NETCore.DotNetHost,8.0.30,metapackage,,,,,47304,47304,,,,,,,,,,,,,,,,,,,,,,
Microsoft.AspNetCore.Mvc.Analyzers,2.3.0,ok,analyzers,,analyzers/dotnet/cs/Microsoft.AspNetCore.Mvc.Analyzers.dll,19512,50241,38833,4,4,5,0,3,0,9,3,3,1,0,4,1,1,0,0,2,1,12,7,17,7
Microsoft.Azure.WebJobs.Script.ExtensionsMetadataGenerator,4.0.1,ok,tools,,tools/netstandard2.0/System.Linq.dll,127304,118198,1491341,6,183,78,0,0,0,261,279,8,75,177,11,5,6,0,3,4,1,377,86,833,86
runtime.unix.Microsoft.Win32.Primitives,4.3.0,ok,runtimes,,runtimes/unix/lib/netstandard1.3/Microsoft.Win32.Primitives.dll,25992,47161,31929,1,0,3,0,5,0,3,2,0,10,0,0,0,0,0,0,0,0,92,8,21,8
runtime.unix.System.Console,4.3.1,ok,runtimes,,runtimes/unix/lib/netstandard1.3/System.Console.dll,94024,108074,62430,9,61,124,1,4,4,186,71,7,150,104,5,0,0,0,0,1,9,537,60,541,60
Microsoft.NETCore.App.Host.win-x64,,error:ValueError,,,,,,,,,,,,,,,,,,,,,,,,,,,,
Microsoft.Azure.Functions.Worker.ItemTemplates,4.0.5590,metapackage,,,,,65558,391766,,,,,,,,,,,,,,,,,,,,,,
Microsoft.NET.Workloads.10.0.300,10.303.1,metapackage,,,,,30297,30297,,,,,,,,,,,,,,,,,,,,,,
Cake.Tool,6.2.0,ok,tools,,tools/net8.0/any/Cake.dll,59408,97444,34691662,29,36,30,0,19,0,66,46,3,14,1,31,6,24,0,5,10,21,128,48,177,48
Microsoft.NETFramework.ReferenceAssemblies,1.0.3,metapackage,,,,,20961,20961,,,,,,,,,,,,,,,,,,,,,,
Microsoft.NET.Workloads.10.0.100,10.111.1,metapackage,,,,,30297,30297,,,,,,,,,,,,,,,,,,,,,,
runtime.unix.System.Net.Primitives,4.3.1,ok,runtimes,,runtimes/unix/lib/netstandard1.3/System.Net.Primitives.dll,308992,173581,134217,32,59,883,0,27,0,942,50,8,935,11,48,8,7,0,3,7,15,642,94,1247,94
NUnit.Analyzers,4.14.0,ok,analyzers,,analyzers/dotnet/cs/nunit.analyzers.dll,301568,150528,155387,54,73,79,0,51,0,152,257,55,182,8,110,0,0,0,0,6,25,1000,236,794,236
Microsoft.AspNetCore.App.Runtime.win-x64,,error:ValueError,,,,,,,,,,,,,,,,,,,,,,,,,,,,
Microsoft.NETCore.App.Runtime.win-x64,,error:ValueError,,,,,,,,,,,,,,,,,,,,,,,,,,,,
Modernizr,2.8.3,metapackage,,,,,30599,30599,,,,,,,,,,,,,,,,,,,,,,
Microsoft.Azure.WebJobs.ItemTemplates,4.0.5590,metapackage,,,,,65558,447400,,,,,,,,,,,,,,,,,,,,,,
runtime.win.System.Diagnostics.Debug,4.3.0,ok,runtimes,,runtimes/aot/lib/netcore50/System.Diagnostics.Debug.dll,22400,78521,66556,0,0,0,0,0,0,0,0,0,0,0,0,0,0,0,0,0,0,0,2,1,2
runtime.unix.System.Net.Sockets,4.3.0,ok,runtimes,,runtimes/unix/lib/netstandard1.3/System.Net.Sockets.dll,221032,154231,105673,33,123,242,2,30,4,367,213,72,389,24,38,0,5,0,0,3,21,748,136,1198,136
Microsoft.Azure.Functions.Analyzers,1.0.0,ok,analyzers,,analyzers/dotnet/cs/Microsoft.Azure.Functions.Analyzers.dll,22920,57229,41208,1,1,2,0,1,0,3,3,0,3,0,2,0,0,0,0,0,0,5,10,14,10
Microsoft.Azure.WebJobs.ProjectTemplates,4.0.5590,metapackage,,,,,37458,37458,,,,,,,,,,,,,,,,,,,,,,
bootstrap,5.3.8,metapackage,,,,,65558,3071200,,,,,,,,,,,,,,,,,,,,,,
runtime.win.System.Runtime.Extensions,4.3.1,ok,runtimes,,runtimes/aot/lib/netcore50/System.Runtime.Extensions.dll,78056,103746,134127,6,64,52,0,6,2,116,45,2,95,52,10,0,1,0,0,3,4,224,35,261,35
jQuery.Validation,1.21.0,metapackage,,,,,50894,50894,,,,,,,,,,,,,,,,,,,,,,
Microsoft.VisualStudio.Threading.Analyzers,18.7.23,ok,analyzers,,analyzers/cs/Microsoft.VisualStudio.Threading.Analyzers.dll,125280,119335,564221,49,81,187,0,23,0,268,195,21,62,125,51,15,0,0,0,37,30,334,144,643,144
Microsoft.Data.Sqlite,10.0.11,metapackage,,,,,30208,30208,,,,,,,,,,,,,,,,,,,,,,
runtime.win.System.IO.FileSystem,4.3.0,ok,runtimes,,runtimes/win/lib/netcore50/System.IO.FileSystem.dll,164720,137553,145778,9,140,167,0,13,0,307,219,17,210,85,41,3,0,0,0,3,7,827,103,857,103
dotnet-ef,10.0.11,ok,tools,,tools/net8.0/any/dotnet-ef.dll,91488,106573,621914,0,0,147,0,0,0,147,55,12,37,0,0,0,0,0,0,0,0,223,70,422,70
Microsoft.Bcl.Build,1.0.21,ok,build,,build/Microsoft.Bcl.Build.Tasks.dll,37072,61256,40988,3,4,30,0,4,0,34,25,0,9,0,4,0,1,0,0,0,0,41,11,88,11
runtime.win.Microsoft.Win32.Primitives,4.3.0,ok,runtimes,,runtimes/win/lib/netstandard1.3/Microsoft.Win32.Primitives.dll,29064,48048,32430,1,0,1,0,5,0,1,3,0,2,0,0,0,0,0,0,0,0,79,5,12,5
Microsoft.NET.ILLink.Tasks,10.0.11,ok,analyzers,,analyzers/dotnet/cs/ILLink.RoslynAnalyzer.dll,507176,234046,1533276,74,249,767,0,50,30,1016,373,68,740,76,209,43,64,0,8,27,58,940,234,2240,234
Microsoft.Net.Compilers,4.2.0,ok,tools,,tools/System.Memory.dll,141184,124754,11877288,29,283,71,0,21,17,354,164,12,67,221,37,13,4,0,3,15,23,273,76,703,76
Microsoft.Build.Tasks.Git,10.0.400,ok,tools,,tools/net/System.IO.Hashing.dll,55592,95734,630612,11,80,13,0,11,0,93,57,11,21,34,25,3,0,0,0,1,10,104,25,219,25
SkiaSharp.NativeAssets.Win32,,error:ValueError,,,,,,,,,,,,,,,,,,,,,,,,,,,,
runtime.win.System.Console,4.3.1,ok,runtimes,,runtimes/win/lib/netcore50/System.Console.dll,59720,93688,82455,8,61,107,1,2,2,169,7,5,73,102,5,0,0,0,0,1,8,213,23,352,23
Microsoft.NET.Sdk.Android.Manifest-8.0.100.Msi.x64,34.0.154,metapackage,,,,,65558,379217,,,,,,,,,,,,,,,,,,,,,,
Microsoft.jQuery.Unobtrusive.Validation,4.0.0,metapackage,,,,,46686,46686,,,,,,,,,,,,,,,,,,,,,,
Microsoft.NET.Sdk.MacCatalyst.Manifest-8.0.100.Msi.x64,18.0.8319,metapackage,,,,,65558,379244,,,,,,,,,,,,,,,,,,,,,,
Microsoft.SourceLink.Common,10.0.400,ok,tools,,tools/net/Microsoft.SourceLink.Common.dll,31544,83487,347411,2,2,18,0,2,0,20,4,0,40,0,2,0,0,0,0,0,2,34,14,84,14
dotnet-reportgenerator-globaltool,5.5.11,ok,tools,,tools/net8.0/any/DotNetConfig.dll,108544,124775,3982733,11,173,63,0,4,4,236,48,17,100,120,36,24,0,0,0,8,8,340,114,610,114
runtime.win.System.Net.Primitives,4.3.1,ok,runtimes,,runtimes/win/lib/netcore50/System.Net.Primitives.dll,306224,171725,238554,33,59,880,0,27,0,939,41,8,906,11,48,8,7,0,3,7,16,622,89,1205,89
Microsoft.NET.Sdk.macOS.Manifest-8.0.100.Msi.x64,15.0.8319,metapackage,,,,,65558,379210,,,,,,,,,,,,,,,,,,,,,,
Microsoft.NET.Sdk.iOS.Manifest-8.0.100.Msi.x64,18.0.8319,metapackage,,,,,65558,379450,,,,,,,,,,,,,,,,,,,,,,
Microsoft.NET.Sdk.Maui.Manifest-8.0.100.Msi.x64,8.0.100,metapackage,,,,,65558,380483,,,,,,,,,,,,,,,,,,,,,,
GitVersion.Tool,6.8.2,ok,tools,,tools/net8.0/any/Polly.dll,288160,172614,34825403,132,849,97,0,43,0,946,253,68,541,500,368,137,175,0,34,67,35,1202,637,2207,637
Microsoft.NET.Workload.Mono.ToolChain.Current.Manifest-8.0.100.Msi.x64,8.0.30,metapackage,,,,,65558,349136,,,,,,,,,,,,,,,,,,,,,,
Microsoft.NET.Workload.Emscripten.net6.Manifest-8.0.100.Msi.x64,8.0.30,metapackage,,,,,65558,323900,,,,,,,,,,,,,,,,,,,,,,
Microsoft.TestPlatform,,error:ValueError,,,,,,,,,,,,,,,,,,,,,,,,,,,,
Microsoft.NET.Sdk.tvOS.Manifest-8.0.100.Msi.x64,18.0.8319,metapackage,,,,,65558,379174,,,,,,,,,,,,,,,,,,,,,,
Microsoft.NET.Workload.Emscripten.Current.Manifest-8.0.100.Msi.x64,8.0.30,metapackage,,,,,65558,324685,,,,,,,,,,,,,,,,,,,,,,
StyleCop.Analyzers.Unstable,1.2.0.556,ok,analyzers,,analyzers/dotnet/cs/StyleCop.Analyzers.dll,999936,350553,474559,6,5,1969,0,3,0,1974,1442,60,420,0,6,0,4,0,0,0,4,3916,682,5751,682
Microsoft.NET.Workload.Mono.ToolChain.net7.Manifest-8.0.100.Msi.x64,8.0.30,metapackage,,,,,65558,341926,,,,,,,,,,,,,,,,,,,,,,
Microsoft.NET.Workload.Emscripten.net7.Manifest-8.0.100.Msi.x64,8.0.30,metapackage,,,,,65558,324571,,,,,,,,,,,,,,,,,,,,,,
Grpc,2.46.6,metapackage,,,,,48346,48346,,,,,,,,,,,,,,,,,,,,,,
Microsoft.Azure.Functions.Worker.Sdk,2.1.0,ok,tools,,tools/net472/Humanizer.dll,212008,160104,15715999,81,354,484,0,27,10,838,162,31,39,770,40,21,7,0,9,47,48,324,187,1302,187
Microsoft.NET.Workload.Mono.ToolChain.net6.Manifest-8.0.100.Msi.x64,8.0.30,metapackage,,,,,65558,341720,,,,,,,,,,,,,,,,,,,,,,
NewRelic.Agent,,error:ValueError,,,,,,,,,,,,,,,,,,,,,,,,,,,,
runtime.linux-x64.runtime.native.System.IO.Ports,10.0.11,metapackage,,,,,52805,52805,,,,,,,,,,,,,,,,,,,,,,
runtime.native.System.IO.Ports,10.0.11,metapackage,,,,,44514,44514,,,,,,,,,,,,,,,,,,,,,,
Hangfire,1.8.25,metapackage,,,,,62965,62965,,,,,,,,,,,,,,,,,,,,,,
runtime.linux-arm64.runtime.native.System.IO.Ports,10.0.11,metapackage,,,,,52597,52597,,,,,,,,,,,,,,,,,,,,,,
runtime.linux-arm.runtime.native.System.IO.Ports,10.0.11,metapackage,,,,,51548,51548,,,,,,,,,,,,,,,,,,,,,,
Microsoft.NET.Sdk.macOS.Manifest-9.0.100.Msi.x64,26.5.9004,metapackage,,,,,65558,379877,,,,,,,,,,,,,,,,,,,,,,
Microsoft.CodeAnalysis,5.9.0,metapackage,,,,,31696,31696,,,,,,,,,,,,,,,,,,,,,,
Microsoft.NET.Sdk.iOS.Manifest-9.0.100.Msi.x64,26.5.9004,metapackage,,,,,65558,380190,,,,,,,,,,,,,,,,,,,,,,
Microsoft.NET.Sdk.MacCatalyst.Manifest-9.0.100.Msi.x64,26.5.9004,metapackage,,,,,65558,379976,,,,,,,,,,,,,,,,,,,,,,
runtime.osx-x64.runtime.native.System.IO.Ports,10.0.11,metapackage,,,,,57165,57165,,,,,,,,,,,,,,,,,,,,,,
Microsoft.NET.Sdk.tvOS.Manifest-9.0.100.Msi.x64,26.5.9004,metapackage,,,,,65558,379886,,,,,,,,,,,,,,,,,,,,,,
Microsoft.NET.Sdk.Android.Manifest-9.0.100.Msi.x64,35.0.105,metapackage,,,,,65558,380702,,,,,,,,,,,,,,,,,,,,,,
JunitXml.TestLogger,8.0.0,ok,build,,build/_common/Spekt.TestLogger.dll,95744,133108,109075,38,80,78,0,23,0,158,50,8,30,15,85,33,50,0,9,18,8,114,58,265,58
Microsoft.NET.Workload.Emscripten.net6.Manifest-9.0.100.Msi.x64,9.0.19,metapackage,,,,,65558,327864,,,,,,,,,,,,,,,,,,,,,,
Microsoft.NET.Sdk.Maui.Manifest-9.0.100.Msi.x64,9.0.120,metapackage,,,,,65558,339709,,,,,,,,,,,,,,,,,,,,,,
Microsoft.NET.Workload.Emscripten.Current.Manifest-9.0.100.Msi.x64,9.0.19,metapackage,,,,,65558,328853,,,,,,,,,,,,,,,,,,,,,,
Microsoft.NET.Workload.Emscripten.net7.Manifest-9.0.100.Msi.x64,9.0.19,metapackage,,,,,65558,328005,,,,,,,,,,,,,,,,,,,,,,
Microsoft.NET.Workload.Mono.ToolChain.Current.Manifest-9.0.100.Msi.x64,9.0.19,metapackage,,,,,65558,356303,,,,,,,,,,,,,,,,,,,,,,
Microsoft.NET.Workload.Mono.ToolChain.net6.Manifest-9.0.100.Msi.x64,9.0.19,metapackage,,,,,65558,346423,,,,,,,,,,,,,,,,,,,,,,
Microsoft.Windows.Compatibility,10.0.11,metapackage,,,,,31604,31604,,,,,,,,,,,,,,,,,,,,,,
Microsoft.NET.Workload.Emscripten.net8.Manifest-9.0.100.Msi.x64,9.0.19,metapackage,,,,,65558,328117,,,,,,,,,,,,,,,,,,,,,,
Microsoft.WindowsDesktop.App.Runtime.win-x64,,error:ValueError,,,,,,,,,,,,,,,,,,,,,,,,,,,,
Microsoft.NET.Workload.Mono.ToolChain.net8.Manifest-9.0.100.Msi.x64,9.0.19,metapackage,,,,,65558,346572,,,,,,,,,,,,,,,,,,,,,,
Microsoft.NET.Workload.Mono.ToolChain.net7.Manifest-9.0.100.Msi.x64,9.0.19,metapackage,,,,,65558,346665,,,,,,,,,,,,,,,,,,,,,,
NSwag.MSBuild,14.7.1,ok,tools,,tools/Win/Fluid.dll,264704,171232,9609382,132,591,286,0,121,1,877,315,162,176,150,429,20,21,0,6,27,107,1186,307,1729,307
runtime.win.System.Net.Sockets,4.3.0,ok,runtimes,,runtimes/win/lib/netcore50/System.Net.Sockets.dll,213864,148157,182568,31,121,230,2,29,4,353,190,61,393,24,38,0,5,0,0,3,19,758,124,1091,124
Microsoft.NET.Workload.Emscripten.Manifest-6.0.300,6.0.36,metapackage,,,,,35676,35676,,,,,,,,,,,,,,,,,,,,,,
Microsoft.NET.Workload.Mono.ToolChain.Manifest-6.0.300,6.0.36,metapackage,,,,,48751,48751,,,,,,,,,,,,,,,,,,,,,,
SkiaSharp.NativeAssets.Linux.NoDependencies,4.151.2,metapackage,,,,,65558,60424235,,,,,,,,,,,,,,,,,,,,,,
Microsoft.Azure.Functions.Worker.Sdk.Analyzers,1.2.2,ok,analyzers,,analyzers/dotnet/cs/Microsoft.Azure.Functions.Worker.Sdk.Analyzers.dll,50232,93658,62949,7,8,15,0,7,0,23,26,2,25,0,14,0,0,0,0,0,3,74,39,101,39
SpecFlow.Tools.MsBuild.Generation,3.9.74,ok,tasks,,tasks/net461/BoDi.dll,26624,78672,11920290,8,35,13,2,6,0,50,49,12,19,4,32,15,13,0,3,3,0,62,33,173,33
Microsoft.NET.Workloads.10.0.200,10.204.1,metapackage,,,,,30294,30294,,,,,,,,,,,,,,,,,,,,,,
Microsoft.Azure.Functions.Worker.Sdk.Generators,1.4.0,ok,analyzers,,analyzers/dotnet/cs/System.Text.Json.dll,608520,285697,354724,80,474,777,0,63,66,1251,710,121,984,284,80,19,38,0,5,20,55,1377,365,3666,365
Nito.AsyncEx,5.1.2,metapackage,,,,,20938,20938,,,,,,,,,,,,,,,,,,,,,,
Microsoft.SourceLink.GitHub,10.0.400,ok,tools,,tools/net/System.IO.Hashing.dll,55592,95734,536414,11,80,13,0,11,0,93,57,11,21,34,25,3,0,0,0,1,10,104,25,219,25
Microsoft.NET.Sdk.MacCatalyst.Manifest-6.0.300,15.4.328,metapackage,,,,,23285,23285,,,,,,,,,,,,,,,,,,,,,,
Fody,6.9.3,ok,tasks,,tasks/net472/FodyTasks.dll,58368,97158,921204,19,45,58,0,11,0,103,50,0,34,21,21,0,3,0,0,8,10,160,57,263,57
runtime.win7-x86.runtime.native.System.Data.SqlClient.sni,,error:ValueError,,,,,,,,,,,,,,,,,,,,,,,,,,,,
Microsoft.NET.Sdk.Android.Manifest-6.0.300,32.0.440,metapackage,,,,,29760,29760,,,,,,,,,,,,,,,,,,,,,,
Selenium.WebDriver.ChromeDriver,152.0.7977.8200,metapackage,,,,,65558,38069046,,,,,,,,,,,,,,,,,,,,,,
Cake,1.3.0,ok,autofac.dll,,Autofac.dll,331264,194338,8361248,155,452,587,27,103,4,1066,350,74,596,236,362,186,101,0,34,65,46,1021,518,2466,518
Microsoft.NET.Sdk.macOS.Manifest-6.0.300,12.3.328,metapackage,,,,,23241,23241,,,,,,,,,,,,,,,,,,,,,,
Microsoft.NET.Sdk.iOS.Manifest-6.0.300,15.4.328,metapackage,,,,,23337,23337,,,,,,,,,,,,,,,,,,,,,,
MessagePackAnalyzer,3.1.8,ok,analyzers,,analyzers/roslyn4.3/cs//MessagePack.SourceGenerator.dll,300032,209336,177933,67,284,279,0,81,46,563,138,74,203,89,223,12,32,0,2,11,16,552,183,1304,183
SkiaSharp.NativeAssets.Linux,4.151.2,metapackage,,,,,65558,60545652,,,,,,,,,,,,,,,,,,,,,,
runtime.win7-x64.runtime.native.System.Data.SqlClient.sni,,error:ValueError,,,,,,,,,,,,,,,,,,,,,,,,,,,,
Microsoft.NET.Sdk.Maui.Manifest-6.0.300,6.0.419,metapackage,,,,,22142,22142,,,,,,,,,,,,,,,,,,,,,,
Microsoft.NET.Sdk.tvOS.Manifest-6.0.300,15.4.328,metapackage,,,,,23244,23244,,,,,,,,,,,,,,,,,,,,,,
HarfBuzzSharp.NativeAssets.macOS,14.2.1.102,metapackage,,,,,65558,1459806,,,,,,,,,,,,,,,,,,,,,,
System.Data.SQLite.Core,1.0.119,metapackage,,,,,28331,28331,,,,,,,,,,,,,,,,,,,,,,
Microsoft.NET.Workload.Mono.ToolChain.Manifest-6.0.100,6.0.36,metapackage,,,,,48755,48755,,,,,,,,,,,,,,,,,,,,,,
NUnit.ConsoleRunner,3.22.0,ok,tools,,tools/nunit.engine.dll,75264,100650,1244675,36,97,48,2,30,2,147,127,12,10,6,98,4,67,0,3,6,7,195,58,353,58
Microsoft.NET.Workload.Emscripten.Manifest-6.0.100,6.0.36,metapackage,,,,,35678,35678,,,,,,,,,,,,,,,,,,,,,,
Microsoft.ClearScript,7.5.1.1,metapackage,,,,,57302,57302,,,,,,,,,,,,,,,,,,,,,,
Microsoft.CodeAnalysis.FxCopAnalyzers,3.3.2,metapackage,,,,,65558,464432,,,,,,,,,,,,,,,,,,,,,,
Microsoft.Data.SqlClient.SNI,,error:ValueError,,,,,,,,,,,,,,,,,,,,,,,,,,,,
Respond,1.4.2,metapackage,,,,,24227,24227,,,,,,,,,,,,,,,,,,,,,,
dotnet-sonarscanner,11.3.0,ok,tools,,tools/netcoreapp3.1/any/Google.Protobuf.dll,501248,256490,1027702,194,1274,904,0,164,14,2178,607,5,507,316,781,25,535,0,8,55,182,1701,394,3878,394
Microsoft.CodeQuality.Analyzers,3.3.2,ok,analyzers,,analyzers/dotnet/cs/Humanizer.dll,212008,158893,2261542,81,354,484,0,27,10,838,162,31,39,770,40,21,7,0,9,47,48,324,187,1302,187
Microsoft.NetFramework.Analyzers,3.3.2,ok,analyzers,,analyzers/dotnet/cs/Microsoft.NetFramework.Analyzers.dll,416136,211951,765557,36,113,268,0,30,0,381,425,34,368,51,69,20,22,0,0,20,13,1442,304,1671,304
Swashbuckle,5.6.0,metapackage,,,,,17481,17481,,,,,,,,,,,,,,,,,,,,,,
Microsoft.VisualStudio.Threading,18.7.23,metapackage,,,,,49159,49159,,,,,,,,,,,,,,,,,,,,,,
EFCore.BulkExtensions,10.0.1,metapackage,,,,,65558,76328,,,,,,,,,,,,,,,,,,,,,,
HarfBuzzSharp.NativeAssets.Win32,,error:ValueError,,,,,,,,,,,,,,,,,,,,,,,,,,,,
Microsoft.DiaSymReader.Native,,error:ValueError,,,,,,,,,,,,,,,,,,,,,,,,,,,,
jQuery.UI.Combined,1.14.1,metapackage,,,,,65558,429044,,,,,,,,,,,,,,,,,,,,,,
runtime.osx-arm64.runtime.native.System.IO.Ports,10.0.11,metapackage,,,,,57128,57128,,,,,,,,,,,,,,,,,,,,,,
Microsoft.NET.Sdk.iOS.Manifest-7.0.100.Msi.x64,16.4.7142,metapackage,,,,,65558,369926,,,,,,,,,,,,,,,,,,,,,,
SonarAnalyzer.CSharp,10.33.0.1635,ok,analyzers,,analyzers/SonarAnalyzer.CSharp.dll,3902808,1355178,1324472,2293,9602,6346,0,950,351,15948,5163,2103,3041,2681,4371,647,1890,0,25,995,1950,12421,4260,28618,4260
Microsoft.NET.Sdk.macOS.Manifest-7.0.100.Msi.x64,13.3.7142,metapackage,,,,,65558,369697,,,,,,,,,,,,,,,,,,,,,,
Microsoft.NET.Sdk.MacCatalyst.Manifest-7.0.100.Msi.x64,16.4.7142,metapackage,,,,,65558,369616,,,,,,,,,,,,,,,,,,,,,,
xunit.runner.console,2.9.3,ok,tools,,tools/net6.0/xunit.console.dll,176336,153486,3925991,9,12,98,0,5,0,110,127,23,115,8,3,0,1,0,0,2,3,397,124,564,124
ReportGenerator,5.5.11,ok,tools,,tools/net47/System.IO.dll,21144,78346,7944133,0,0,0,0,0,0,0,0,0,0,0,0,0,0,0,0,0,0,0,1,0,1
Microsoft.CodeAnalysis.VersionCheckAnalyzer,3.3.2,ok,analyzers,,analyzers/dotnet/Microsoft.CodeAnalysis.VersionCheckAnalyzer.dll,29064,80966,202842,1,1,11,0,1,0,12,5,0,12,0,2,0,0,0,0,0,1,52,23,62,23
Microsoft.NET.Sdk.tvOS.Manifest-7.0.100.Msi.x64,16.4.7142,metapackage,,,,,65558,369666,,,,,,,,,,,,,,,,,,,,,,
Microsoft.NET.Sdk.Android.Manifest-7.0.100.Msi.x64,33.0.95,metapackage,,,,,65558,332293,,,,,,,,,,,,,,,,,,,,,,
MSTest.Analyzers,4.4.0,ok,analyzers,,analyzers/dotnet/cs/MSTest.Analyzers.dll,421688,211849,1319691,79,82,415,0,77,0,497,504,0,584,5,154,0,0,0,0,1,79,1359,396,1868,396
Microsoft.AspNetCore.Mvc.Razor.ViewCompilation,2.3.0,ok,build,,build/netstandard2.0/Microsoft.AspNetCore.Mvc.Razor.ViewCompilation.Tasks.dll,34344,84255,101452,1,1,39,0,1,0,40,18,1,20,0,1,0,0,0,0,0,0,69,19,147,19
dotnet-dump,10.0.731102,ok,tools,,tools/net8.0/any/Azure.Core.dll,879176,388824,10436968,176,419,912,7,228,49,1338,1113,179,561,228,416,69,140,0,7,39,69,3434,697,4265,697
Microsoft.NET.Workload.Mono.ToolChain.net6.Manifest-7.0.100.Msi.x64,7.0.20,metapackage,,,,,65558,389664,,,,,,,,,,,,,,,,,,,,,,
Microsoft.Azure.WebJobs.Extensions.Storage,5.3.9,metapackage,,,,,34937,34937,,,,,,,,,,,,,,,,,,,,,,
Microsoft.NET.Workload.Emscripten.net6.Manifest-7.0.100.Msi.x64,7.0.20,metapackage,,,,,65558,370314,,,,,,,,,,,,,,,,,,,,,,
Microsoft.NET.Workload.Emscripten.net7.Manifest-7.0.100.Msi.x64,7.0.20,metapackage,,,,,65558,371040,,,,,,,,,,,,,,,,,,,,,,
Microsoft.NET.Workload.Mono.ToolChain.net7.Manifest-7.0.100.Msi.x64,7.0.20,metapackage,,,,,65558,390110,,,,,,,,,,,,,,,,,,,,,,
Microsoft.AspNet.WebApi.HelpPage,5.3.0,metapackage,,,,,65558,78481,,,,,,,,,,,,,,,,,,,,,,
Microsoft.NetCore.Analyzers,3.3.2,ok,analyzers,,analyzers/dotnet/cs/Microsoft.NetCore.Analyzers.dll,1348488,520465,2185740,241,650,1299,0,202,6,1949,1406,635,1495,68,752,107,202,0,2,62,135,3971,1040,6002,1040
Microsoft.NET.Sdk.Maui.Manifest-7.0.100.Msi.x64,7.0.101,metapackage,,,,,65558,333641,,,,,,,,,,,,,,,,,,,,,,
itext7,9.7.0,metapackage,,,,,31184,31184,,,,,,,,,,,,,,,,,,,,,,
Microsoft.NETCore.App.Host.linux-arm64,10.0.11,metapackage,,,,,65558,5309010,,,,,,,,,,,,,,,,,,,,,,
Microsoft.CodeAnalysis.NetAnalyzers,10.0.400,ok,analyzers,,analyzers/dotnet/cs/Microsoft.CodeAnalysis.NetAnalyzers.dll,2561320,917280,4287703,501,1201,2556,0,450,8,3757,2820,946,3069,165,1439,201,435,0,2,155,297,7707,2042,11063,2042
Microsoft.NETCore.App.Crossgen2.linux-x64,10.0.11,metapackage,,,,,65558,12408648,,,,,,,,,,,,,,,,,,,,,,
Roslynator.Analyzers,5.0.0,ok,analyzers,,analyzers/dotnet/roslyn3.8/cs/Roslynator.CSharp.Analyzers.dll,358400,206298,2439932,166,180,250,0,164,0,430,820,31,527,18,325,0,0,0,0,3,165,1020,441,2317,441
Microsoft.Azure.Functions.Worker.Extensions.Http.AspNetCore.Analyzers,1.0.4,ok,analyzers,,analyzers/dotnet/cs/Microsoft.Azure.Functions.Worker.Extensions.Http.AspNetCore.Analyzers.dll,43552,85284,58212,4,6,11,0,4,0,17,14,2,20,0,10,0,0,0,0,0,4,54,21,66,21
Microsoft.jQuery.Unobtrusive.Ajax,3.3.0,metapackage,,,,,58261,58261,,,,,,,,,,,,,,,,,,,,,,
SQLitePCLRaw.lib.e_sqlite3.linux,1.1.14,metapackage,,,,,65558,3653966,,,,,,,,,,,,,,,,,,,,,,
SQLitePCLRaw.lib.e_sqlite3.osx,1.1.14,metapackage,,,,,65558,830692,,,,,,,,,,,,,,,,,,,,,,
HarfBuzzSharp.NativeAssets.Linux,14.2.1.102,metapackage,,,,,65558,15992742,,,,,,,,,,,,,,,,,,,,,,
Microsoft.Extensions.ApiDescription.Client,10.0.11,ok,tasks,,tasks/netstandard2.0/Microsoft.Extensions.ApiDescription.Client.dll,23848,67413,52775,3,5,11,0,2,0,16,6,0,8,3,2,0,0,0,0,1,1,14,10,39,10
Microsoft.AspNet.SignalR,2.4.3,metapackage,,,,,26910,26910,,,,,,,,,,,,,,,,,,,,,,
Microsoft.NET.Workload.Mono.ToolChain.Manifest-6.0.200,6.0.9,metapackage,,,,,41803,41803,,,,,,,,,,,,,,,,,,,,,,
Microsoft.AspNet.SignalR.JS,2.4.3,metapackage,,,,,65558,66755,,,,,,,,,,,,,,,,,,,,,,
runtime.win7.System.Private.Uri,4.3.2,ok,runtimes,,runtimes/aot/lib/netcore50/System.Private.Uri.dll,121552,121647,137971,7,20,113,0,14,2,133,104,8,135,12,6,0,0,0,0,0,4,377,53,400,53
Swashbuckle.AspNetCore.Cli,10.2.3,ok,tools,,tools/net8.0/any/dotnet-swagger.dll,31232,80833,746897,0,0,3,0,0,0,3,26,0,24,0,0,0,0,0,0,0,0,67,25,93,25
dotnet-coverage,18.11.0,ok,tools,,tools/net8.0/any/Serilog.dll,174968,143603,21595971,58,376,100,1,27,0,477,203,21,123,113,214,19,86,0,12,25,19,438,180,1087,180
NLog.Schema,6.2.0,metapackage,,,,,65558,68766,,,,,,,,,,,,,,,,,,,,,,
Microsoft.NET.Workload.Emscripten.Manifest-6.0.200,6.0.9,metapackage,,,,,28749,28749,,,,,,,,,,,,,,,,,,,,,,
Microsoft.AspNetCore.App,2.2.8,metapackage,,,,,23778,23778,,,,,,,,,,,,,,,,,,,,,,
Microsoft.AspNetCore.Components.WebAssembly.DevServer,10.0.11,ok,tools,,tools/blazor-devserver.dll,25936,80560,8695076,1,1,1,0,1,0,2,6,0,7,1,0,0,0,0,0,0,0,16,9,24,9
Microsoft.NETCore.App.Runtime.Mono.browser-wasm,10.0.11,ok,runtimes,,runtimes/browser-wasm/lib/net10.0/System.dll,49960,85470,24570875,0,0,0,0,0,0,0,0,0,0,0,0,0,0,0,0,0,0,0,1,0,1
NUnit.Extension.NUnitV2ResultWriter,3.8.0,ok,tools,,tools/net462/nunit.engine.api.dll,18944,71575,62519,39,65,53,1,21,0,119,19,0,1,2,101,98,0,0,24,25,4,36,40,172,40
OctoPack,3.6.5,ok,build,,build/OctoPack.Tasks.dll,39936,82836,1330564,13,70,37,0,6,2,107,35,4,12,12,68,30,34,0,2,8,5,79,25,198,25
NSwag.ApiDescription.Client,14.7.1,metapackage,,,,,19441,19441,,,,,,,,,,,,,,,,,,,,,,
Microsoft.AspNetCore.App.Runtime.linux-arm64,10.0.11,ok,runtimes,,runtimes/linux-arm64/lib/net10.0/System.Formats.Cbor.dll,178472,141610,12388285,7,70,82,0,6,0,152,76,2,63,0,0,0,0,0,0,0,4,276,31,302,31
Microsoft.NETCore.App.Runtime.linux-arm64,10.0.11,ok,runtimes,,runtimes/linux-arm64/lib/net10.0/System.dll,50472,85571,37568158,0,0,0,0,0,0,0,0,0,0,0,0,0,0,0,0,0,0,0,1,0,1
NUnit.Extension.TeamCityEventListener,1.0.10,ok,tools,,tools/net20/nunit.engine.api.dll,18944,74613,76953,39,65,53,1,21,0,119,19,0,1,2,101,98,0,0,24,25,4,36,40,172,40
xunit.v3,4.0.0,metapackage,,,,,32096,32096,,,,,,,,,,,,,,,,,,,,,,
NUnit.Extension.NUnitProjectLoader,3.8.0,ok,tools,,tools/net462/nunit.engine.api.dll,18944,71152,62096,39,65,53,1,21,0,119,19,0,1,2,101,98,0,0,24,25,4,36,40,172,40
dotnet-serve,1.10.194,ok,tools,,tools/net8.0/any/dotnet-serve.dll,70656,109704,1932745,2,1,32,0,2,0,33,45,1,49,0,0,0,0,0,0,0,0,119,34,178,34
SQLitePCLRaw.lib.e_sqlite3.v110_xp,,error:ValueError,,,,,,,,,,,,,,,,,,,,,,,,,,,,
Microsoft.Azure.Functions.Worker.ItemTemplates.NetCore,4.0.5590,metapackage,,,,,65558,391500,,,,,,,,,,,,,,,,,,,,,,
NUnit.Console,3.22.0,metapackage,,,,,32843,32843,,,,,,,,,,,,,,,,,,,,,,
NUnit.Extension.NUnitV2Driver,3.9.0,ok,tools,,tools/nunit.core.dll,147456,124329,100324,106,308,155,0,132,0,463,189,53,14,92,238,9,93,0,0,10,7,351,131,880,131
System.Reactive.Compatibility,6.1.0,metapackage,,,,,29364,29364,,,,,,,,,,,,,,,,,,,,,,
NUnit.Extension.VSProjectLoader,3.9.0,ok,tools,,tools/vs-project-loader.dll,17408,30505,21969,9,15,13,0,4,0,28,17,0,0,6,12,0,12,0,0,5,5,20,13,51,13
Microsoft.NETFramework.ReferenceAssemblies.net472,1.0.3,ok,build,,build/.NETFramework/v4.7.2/System.dll,1475208,565493,20790130,1022,3266,3721,112,1342,14,7099,853,1083,3431,572,2660,687,262,0,84,165,465,9174,2041,14603,2041
Microsoft.TypeScript.MSBuild,7.0.1,metapackage,,,,,65558,57283265,,,,,,,,,,,,,,,,,,,,,,
knockoutjs,3.5.3,metapackage,,,,,65558,115275,,,,,,,,,,,,,,,,,,,,,,
Google.Protobuf.Tools,3.36.1,metapackage,,,,,65558,20875353,,,,,,,,,,,,,,,,,,,,,,
Microsoft.AspNetCore.All,2.2.8,metapackage,,,,,23935,23935,,,,,,,,,,,,,,,,,,,,,,
NLog.Config,4.7.15,metapackage,,,,,14024,14024,,,,,,,,,,,,,,,,,,,,,,
Microsoft.Azure.WebJobs.Extensions.DurableTask.Analyzers,0.5.0,ok,analyzers,,analyzers/dotnet/cs/Microsoft.Azure.WebJobs.Extensions.DurableTask.Analyzers.dll,112552,108564,490756,44,65,119,0,38,0,184,148,2,76,114,42,0,24,0,0,4,5,406,89,497,89
Microsoft.NET.Workloads.10.0.100.Msi.x64,10.111.1,metapackage,,,,,65558,363542,,,,,,,,,,,,,,,,,,,,,,
Microsoft.NETCore.App.Host.osx-x64,10.0.11,metapackage,,,,,65558,5443637,,,,,,,,,,,,,,,,,,,,,,
Nerdbank.GitVersioning,3.10.94,ok,build,,build/MSBuildCore/Validation.dll,26624,77976,13224121,9,99,14,0,3,0,113,6,0,13,79,1,1,0,0,1,6,8,21,16,140,16
runtime.win7-x64.runtime.native.System.IO.Compression,,error:ValueError,,,,,,,,,,,,,,,,,,,,,,,,,,,,
Microsoft.NETCore.App.Runtime.linux-musl-x64,10.0.11,ok,runtimes,,runtimes/linux-musl-x64/lib/net10.0/System.dll,50472,85575,40089357,0,0,0,0,0,0,0,0,0,0,0,0,0,0,0,0,0,0,0,1,0,1
Microsoft.VisualStudio.SlowCheetah,4.0.50,ok,tools,,tools/Newtonsoft.Json.dll,701992,328742,380168,143,748,705,8,166,72,1461,1107,101,441,204,665,33,55,0,9,24,48,2167,497,4186,497
Microsoft.AspNetCore.App.Runtime.linux-musl-x64,10.0.11,ok,runtimes,,runtimes/linux-musl-x64/lib/net10.0/System.Formats.Cbor.dll,161104,143895,12930390,7,70,82,0,6,0,152,76,2,63,0,0,0,0,0,0,0,4,276,31,302,31
NSubstitute.Analyzers.CSharp,1.0.17,ok,analyzers,,analyzers/dotnet/cs/NSubstitute.Analyzers.Shared.dll,182272,134393,95266,0,0,256,0,0,0,256,326,78,175,0,0,0,0,0,0,0,0,671,163,933,163
libsodium,,error:ValueError,,,,,,,,,,,,,,,,,,,,,,,,,,,,
Microsoft.dotnet-interactive,1.0.712001,ok,tools,,tools/net10.0/any/NaCl.dll,40496,167060,49135056,5,36,0,0,7,0,36,6,0,1,14,3,0,3,0,0,1,1,33,20,80,20
Microsoft.NETCore.App.Runtime.osx-x64,10.0.11,ok,runtimes,,runtimes/osx-x64/lib/net10.0/System.dll,50472,85568,39033975,0,0,0,0,0,0,0,0,0,0,0,0,0,0,0,0,0,0,0,1,0,1
Microsoft.CodeAnalysis.Scripting,5.9.0,metapackage,,,,,31338,31338,,,,,,,,,,,,,,,,,,,,,,
Microsoft.NET.Runtime.MonoAOTCompiler.Task,10.0.11,ok,tasks,,tasks/net472/MonoAOTCompiler.dll,70952,100798,113571,8,1,76,0,2,0,77,52,0,19,0,1,0,0,0,0,0,6,173,52,287,52
Amazon.Lambda.Tools,7.0.0,ok,tools,,tools/net8.0/any/AWSSDK.S3.dll,1132712,426470,23574948,944,1136,2412,34,1046,67,3582,1136,72,2123,527,1072,262,448,0,14,38,30,3904,1166,10022,1166
Moment.js,2.30.1,metapackage,,,,,65558,350853,,,,,,,,,,,,,,,,,,,,,,
Microsoft.AspNetCore.App.Runtime.osx-x64,10.0.11,ok,runtimes,,runtimes/osx-x64/lib/net10.0/System.Formats.Cbor.dll,161104,143900,12928377,7,70,82,0,6,0,152,76,2,63,0,0,0,0,0,0,0,4,276,31,302,31
Microsoft.PowerShell.Native,,error:ValueError,,,,,,,,,,,,,,,,,,,,,,,,,,,,
Microsoft.NET.Sdk.WebAssembly.Pack,10.0.11,ok,tools,,tools/net472/Microsoft.NET.WebAssembly.Webcil.dll,44328,89351,4547973,10,29,29,0,9,8,58,43,11,8,9,17,0,2,0,0,0,6,87,39,168,39
OpenCover,4.7.1221,ok,build,,build/OpenCover.MSBuild.dll,10752,70822,3855794,1,4,18,0,1,0,22,0,5,0,0,5,0,0,0,0,0,0,20,2,40,2
UmbracoCms,8.18.15,metapackage,,,,,333733,8568686,,,,,,,,,,,,,,,,,,,,,,
Microsoft.NET.Runtime.MonoTargets.Sdk,10.0.11,ok,tasks,,tasks/net472/AssemblyStripper.dll,367440,222919,437725,1,2,794,0,0,0,796,392,50,203,2,0,0,0,0,0,0,0,2013,417,3646,417
Microsoft.NETCore.App.Runtime.win-x86,,error:ValueError,,,,,,,,,,,,,,,,,,,,,,,,,,,,
Microsoft.AspNetCore.App.Runtime.win-x86,,error:ValueError,,,,,,,,,,,,,,,,,,,,,,,,,,,,
BuildBundlerMinifier,3.2.449,ok,tools,,tools/net46/NUglify.dll,595968,294456,2253310,194,1050,928,11,140,0,1989,784,66,424,95,1017,102,516,0,6,26,86,1590,288,3736,288
Microsoft.Management.Infrastructure.Runtime.Win,3.0.0,ok,runtimes,,runtimes/win-x64/lib/net451/microsoft.management.infrastructure.dll,128544,120857,787562,53,180,206,1,34,0,387,126,17,237,14,91,32,16,0,0,10,28,586,182,905,182
Microsoft.AspNet.WebApi.OwinSelfHost,5.3.0,metapackage,,,,,36642,36642,,,,,,,,,,,,,,,,,,,,,,
Microsoft.CodeAnalysis.BannedApiAnalyzers,5.6.0,ok,analyzers,,analyzers/dotnet/cs/Microsoft.CodeAnalysis.BannedApiAnalyzers.dll,2258216,863735,2037788,117,329,1778,0,64,7,2107,2960,472,1459,64,185,10,132,0,0,12,108,6358,1830,12336,1830
runtime.linux-x64.Microsoft.NETCore.DotNetHostResolver,8.0.30,metapackage,,,,,65558,175305,,,,,,,,,,,,,,,,,,,,,,
XunitXml.TestLogger,8.0.0,ok,build,,build/_common/Spekt.TestLogger.dll,95744,133108,104673,38,80,78,0,23,0,158,50,8,30,15,85,33,50,0,9,18,8,114,58,265,58
runtime.linux-x64.Microsoft.NETCore.DotNetHostPolicy,8.0.30,metapackage,,,,,65558,186122,,,,,,,,,,,,,,,,,,,,,,
runtime.linux-x64.Microsoft.NETCore.DotNetAppHost,10.0.11,metapackage,,,,,65558,8025262,,,,,,,,,,,,,,,,,,,,,,
Microsoft.WindowsAppSDK,2.4.0,metapackage,,,,,65558,72204,,,,,,,,,,,,,,,,,,,,,,
Microsoft.NET.Workloads.10.0.400,10.400.1,metapackage,,,,,30296,30296,,,,,,,,,,,,,,,,,,,,,,
GraphQL.Analyzers,8.8.5,ok,analyzers,,analyzers/dotnet/cs/GraphQL.Analyzers.dll,137216,156681,213744,29,34,67,0,13,0,101,81,3,54,23,22,0,1,0,0,17,16,297,118,374,118
Microsoft.NETCore.App.Host.linux-musl-x64,10.0.11,metapackage,,,,,65558,5553172,,,,,,,,,,,,,,,,,,,,,,
LibGit2Sharp.NativeBinaries,,error:ValueError,,,,,,,,,,,,,,,,,,,,,,,,,,,,
runtime.linux-x64.Microsoft.NETCore.App,2.2.8,ok,runtimes,,runtimes/linux-x64/lib/netcoreapp2.2/System.dll,43008,81985,31431140,0,0,0,0,0,0,0,0,0,0,0,0,0,0,0,0,0,0,0,1,0,1
Microsoft.Management.Infrastructure.Runtime.Unix,3.0.0,ok,runtimes,,runtimes/unix/lib/netstandard1.6/Microsoft.Management.Infrastructure.dll,228392,151969,122301,60,179,277,1,37,0,457,191,44,531,14,90,32,15,0,0,10,30,1107,429,1939,429
xunit.v3.mtp-v1,3.2.2,metapackage,,,,,32307,32307,,,,,,,,,,,,,,,,,,,,,,
Microsoft.NETFramework.ReferenceAssemblies.net48,1.0.3,ok,build,,build/.NETFramework/v4.8/System.dll,1477168,566020,20997929,1023,3266,3733,112,1343,14,7111,855,1084,3442,572,2661,687,262,0,84,165,466,9185,2042,14624,2042
Microsoft.NETFramework.ReferenceAssemblies.net461,1.0.3,ok,build,,build/.NETFramework/v4.6.1/System.dll,1460376,559374,20140575,1015,3231,3694,112,1342,14,7037,850,1076,3388,545,2653,687,262,0,84,161,458,9056,2022,14474,2022
OpenIddict,7.7.0,metapackage,,,,,20337,20337,,,,,,,,,,,,,,,,,,,,,,
Microsoft.NET.Workloads.10.0.300.Msi.x64,10.303.1,metapackage,,,,,65558,363557,,,,,,,,,,,,,,,,,,,,,,
Microsoft.Maui.Controls,10.0.100,metapackage,,,,,43723,43723,,,,,,,,,,,,,,,,,,,,,,
Microsoft.NET.Sdk.MacCatalyst.Manifest-6.0.400.Msi.x64,16.4.60,metapackage,,,,,65558,330465,,,,,,,,,,,,,,,,,,,,,,
Microsoft.NET.Sdk.iOS.Manifest-6.0.400.Msi.x64,16.4.60,metapackage,,,,,65558,330539,,,,,,,,,,,,,,,,,,,,,,
Microsoft.NET.Sdk.Android.Manifest-6.0.400.Msi.x64,32.0.509,metapackage,,,,,65558,330859,,,,,,,,,,,,,,,,,,,,,,
IronPdf.Native.Chrome.Windows,,error:ValueError,,,,,,,,,,,,,,,,,,,,,,,,,,,,
Microsoft.NET.Sdk.macOS.Manifest-6.0.400.Msi.x64,13.3.60,metapackage,,,,,65558,330378,,,,,,,,,,,,,,,,,,,,,,
runtime.ubuntu.14.04-x64.Microsoft.NETCore.Jit,1.1.13,metapackage,,,,,65558,1151911,,,,,,,,,,,,,,,,,,,,,,
Xamarin.Build.Download,0.11.6,ok,build,,build/Newtonsoft.Json.dll,715384,339426,727809,143,747,706,8,168,72,1461,1106,101,449,204,663,33,53,0,9,24,48,2196,496,4185,496
Microsoft.NETCore.App.Runtime.Mono.android-arm,10.0.11,ok,runtimes,,runtimes/android-arm/lib/net10.0/System.dll,50512,85636,25039073,0,0,0,0,0,0,0,0,0,0,0,0,0,0,0,0,0,0,0,1,0,1
Microsoft.NET.Sdk.Maui.Manifest-6.0.400.Msi.x64,6.0.553,metapackage,,,,,65558,331399,,,,,,,,,,,,,,,,,,,,,,
Microsoft.NET.Sdk.tvOS.Manifest-6.0.400.Msi.x64,16.4.60,metapackage,,,,,65558,330397,,,,,,,,,,,,,,,,,,,,,,
runtime.ubuntu.14.04-x64.Microsoft.NETCore.Runtime.CoreCLR,1.1.13,ok,runtimes,,runtimes/ubuntu.14.04-x64/native/mscorlib.ni.dll,45056,79961,12884426,0,0,0,0,0,0,0,0,0,0,0,0,0,0,0,0,0,0,0,1,0,1
Microsoft.NETCore.App.Runtime.Mono.android-x64,10.0.11,ok,runtimes,,runtimes/android-x64/lib/net10.0/System.dll,50472,85610,26480600,0,0,0,0,0,0,0,0,0,0,0,0,0,0,0,0,0,0,0,1,0,1
runtime.ubuntu.14.04-x64.Microsoft.NETCore.DotNetHostPolicy,1.1.13,metapackage,,,,,65558,299131,,,,,,,,,,,,,,,,,,,,,,
Microsoft.NETCore.App.Runtime.Mono.android-arm64,10.0.11,ok,runtimes,,runtimes/android-arm64/lib/net10.0/System.dll,50472,85615,26568582,0,0,0,0,0,0,0,0,0,0,0,0,0,0,0,0,0,0,0,1,0,1
Microsoft.NETCore.App.Runtime.Mono.android-x86,10.0.11,ok,runtimes,,runtimes/android-x86/lib/net10.0/System.dll,50512,85634,25204452,0,0,0,0,0,0,0,0,0,0,0,0,0,0,0,0,0,0,0,1,0,1
AsyncFixer,2.1.0,ok,analyzers,,analyzers/dotnet/cs/AsyncFixer.dll,65536,93309,88131,13,27,34,0,10,0,61,90,0,64,15,21,0,9,0,0,3,4,181,53,231,53
Microsoft.SourceLink.AzureRepos.Git,10.0.400,ok,tools,,tools/net/System.IO.Hashing.dll,55592,95734,553955,11,80,13,0,11,0,93,57,11,21,34,25,3,0,0,0,1,10,104,25,219,25
Aspire.AppHost.Sdk,13.5.3,ok,tools,,tools/net8.0/NuGet.Common.dll,108576,119484,1951083,70,196,115,0,25,1,311,127,4,80,144,158,64,74,0,14,43,38,538,123,610,123
Microsoft.Azure.WebJobs.Sources,3.0.47,metapackage,,,,,52958,52958,,,,,,,,,,,,,,,,,,,,,,
Microsoft.Web.WebJobs.Publish,17.1.361,ok,build,,build/Newtonsoft.Json.dll,701992,328742,304004,143,748,705,8,166,72,1461,1107,101,441,204,665,33,55,0,9,24,48,2167,497,4186,497
Xamarin.AndroidX.Migration,1.0.10,ok,build,,build/monoandroid120/ILRepack.dll,1529784,667101,7367612,14,24,1407,1,9,0,1432,1316,153,434,2,30,8,19,0,1,1,9,5036,986,6944,986
Reqnroll.Tools.MsBuild.Generation,3.3.4,ok,build,,build/net462/Gherkin.dll,140800,115049,5173832,63,115,111,0,49,0,226,207,41,23,4,128,32,62,0,11,18,15,230,82,534,82
Microsoft.Maui.Sdk,10.0.100,metapackage,,,,,43445,43445,,,,,,,,,,,,,,,,,,,,,,
Microsoft.Net.Compilers.Toolset,5.9.0,ok,tasks,,tasks/netcore/bincore/csc.dll,64808,99514,21936368,4,4,26,0,2,0,30,46,9,70,3,0,0,0,0,0,0,3,215,58,208,58
NunitXml.TestLogger,8.0.0,ok,build,,build/_common/Spekt.TestLogger.dll,95744,133108,107092,38,80,78,0,23,0,158,50,8,30,15,85,33,50,0,9,18,8,114,58,265,58
Microsoft.NET.Workload.Emscripten.Manifest-6.0.400.Msi.x64,6.0.36,metapackage,,,,,65558,370826,,,,,,,,,,,,,,,,,,,,,,
popper.js,1.16.1,metapackage,,,,,65558,523957,,,,,,,,,,,,,,,,,,,,,,
Microsoft.NET.Workload.Mono.ToolChain.Manifest-6.0.400.Msi.x64,6.0.36,metapackage,,,,,65558,386019,,,,,,,,,,,,,,,,,,,,,,
StrongNamer,0.2.5,ok,build,,build/net461/Mono.Cecil.dll,343552,216940,475991,178,290,824,1,116,4,1115,686,81,150,35,541,88,209,0,23,36,130,1909,341,3069,341
runtime.ubuntu.14.04-x64.runtime.native.System,4.3.1,metapackage,,,,,65558,74825,,,,,,,,,,,,,,,,,,,,,,
Microsoft.NETCore.App.Runtime.Mono.iossimulator-x64,10.0.11,ok,runtimes,,runtimes/iossimulator-x64/lib/net10.0/System.dll,50472,85588,25899875,0,0,0,0,0,0,0,0,0,0,0,0,0,0,0,0,0,0,0,1,0,1
Microsoft.Maui.Resizetizer,10.0.100,ok,buildtransitive,,buildTransitive/ExCSS.dll,363192,213157,42946853,178,211,845,2,64,50,1058,530,46,805,94,241,98,83,0,30,51,135,2543,603,3126,603
TeamCity.VSTest.TestAdapter,1.0.42,ok,build,,build/_common/vstest14/IoC.dll,225792,147239,335571,396,273,128,0,169,0,401,275,61,95,185,104,55,29,0,186,230,140,512,547,1262,547
runtime.ubuntu.14.04-x64.runtime.native.System.Net.Http,4.3.1,metapackage,,,,,30886,30886,,,,,,,,,,,,,,,,,,,,,,
runtime.ubuntu.14.04-x64.runtime.native.System.IO.Compression,4.3.2,metapackage,,,,,28915,28915,,,,,,,,,,,,,,,,,,,,,,
Jaeger,1.0.3,metapackage,,,,,65558,68276,,,,,,,,,,,,,,,,,,,,,,
Microsoft.NET.Sdk.Razor,3.1.32,ok,tools,,tools/netcoreapp3.0/rzc.dll,128400,126482,5515234,3,0,122,0,0,0,122,147,44,56,0,0,0,0,0,0,0,3,424,119,569,119
Microsoft.NETCore.App.Runtime.Mono.ios-arm64,10.0.11,ok,runtimes,,runtimes/ios-arm64/lib/net10.0/System.dll,50472,85564,25009678,0,0,0,0,0,0,0,0,0,0,0,0,0,0,0,0,0,0,0,1,0,1
SkiaSharp.NativeAssets.WebAssembly,4.151.2,metapackage,,,,,65558,67154512,,,,,,,,,,,,,,,,,,,,,,
Microsoft.NETCore.App.Runtime.Mono.iossimulator-arm64,10.0.11,ok,runtimes,,runtimes/iossimulator-arm64/lib/net10.0/System.dll,50472,85587,25726716,0,0,0,0,0,0,0,0,0,0,0,0,0,0,0,0,0,0,0,1,0,1
Microsoft.AspNet.Mvc.FixedDisplayModes,5.3.0,metapackage,,,,,36762,36762,,,,,,,,,,,,,,,,,,,,,,
Microsoft.Composition,1.0.31,metapackage,,,,,17826,17826,,,,,,,,,,,,,,,,,,,,,,
Microsoft.NETCore.Runtime,1.0.1,metapackage,,,,,17650,17650,,,,,,,,,,,,,,,,,,,,,,
OpenIddict.AspNetCore,7.7.0,metapackage,,,,,18206,18206,,,,,,,,,,,,,,,,,,,,,,
IronPdf,2026.9.2,metapackage,,,,,50179,50179,,,,,,,,,,,,,,,,,,,,,,
Microsoft.WindowsDesktop.App.Runtime.win-x86,,error:ValueError,,,,,,,,,,,,,,,,,,,,,,,,,,,,
runtime.ubuntu.14.04-x64.runtime.native.System.Net.Security,4.3.1,metapackage,,,,,29933,29933,,,,,,,,,,,,,,,,,,,,,,
Microsoft.NETCore.Runtime.Native,1.0.1,metapackage,,,,,17709,17709,,,,,,,,,,,,,,,,,,,,,,
Microsoft.AspNetCore.App.Internal.Assets,10.0.11,metapackage,,,,,65558,663930,,,,,,,,,,,,,,,,,,,,,,
Microsoft.Maui.Controls.Build.Tasks,10.0.100,ok,buildtransitive,,buildTransitive/netstandard2.0/Mono.Cecil.dll,379664,236574,3088151,178,298,831,1,116,4,1130,701,81,162,35,544,89,211,0,23,36,130,1947,349,3129,349
dbup,5.0.41,metapackage,,,,,20709,20709,,,,,,,,,,,,,,,,,,,,,,
PostSharp,2026.0.16,ok,build,,build/_common/unzipper/net8.0/unzipper.dll,17552,77116,25599823,1,1,0,0,1,0,1,1,0,0,0,0,0,0,0,0,0,0,0,3,4,3
python,,error:ValueError,,,,,,,,,,,,,,,,,,,,,,,,,,,,
Microsoft.DotNet.ILCompiler,10.0.11,ok,tools,,tools/netstandard/ILCompiler.Build.Tasks.dll,20816,78138,94749,1,1,14,0,1,0,15,0,0,1,0,1,0,0,0,0,0,0,19,6,33,6
runtime.ubuntu.14.04-x64.Microsoft.NETCore.DotNetHost,1.1.13,metapackage,,,,,65558,66110,,,,,,,,,,,,,,,,,,,,,,
Meziantou.Analyzer,3.0.224,ok,analyzers,,analyzers/dotnet/roslyn4.8/cs/Meziantou.Analyzer.dll,2837504,1282510,12805628,379,614,780,0,180,6,1394,1586,4,487,469,355,0,9,0,0,102,370,2536,1146,5728,1146
Microsoft.NETFramework.ReferenceAssemblies.net462,1.0.3,ok,build,,build/.NETFramework/v4.6.2/System.dll,1460888,559641,19902484,1015,3231,3697,112,1342,14,7040,850,1076,3390,545,2653,687,262,0,84,161,458,9059,2022,14479,2022
runtime.ubuntu.14.04-x64.Microsoft.NETCore.DotNetHostResolver,1.1.13,metapackage,,,,,65558,251898,,,,,,,,,,,,,,,,,,,,,,
runtime.win-x64.Microsoft.NETCore.DotNetAppHost,,error:ValueError,,,,,,,,,,,,,,,,,,,,,,,,,,,,
runtime.win-x64.Microsoft.NETCore.DotNetHostResolver,,error:ValueError,,,,,,,,,,,,,,,,,,,,,,,,,,,,
runtime.win-x64.Microsoft.NETCore.DotNetHostPolicy,,error:ValueError,,,,,,,,,,,,,,,,,,,,,,,,,,,,
JUnitTestLogger,1.1.0,ok,build,,build/netstandard2.0/JUnit.TestLogger.dll,15360,26632,19071,0,0,0,0,0,0,0,12,0,11,0,0,0,0,0,0,0,0,31,5,30,5
runtime.win-x64.Microsoft.NETCore.App,,error:ValueError,,,,,,,,,,,,,,,,,,,,,,,,,,,,
MagicOnion,7.10.2,metapackage,,,,,19829,19829,,,,,,,,,,,,,,,,,,,,,,
Microsoft.ML.OnnxRuntime.Gpu.Linux,1.29.0,metapackage,,,,,65558,191730792,,,,,,,,,,,,,,,,,,,,,,
runtime.ubuntu.14.04-x64.runtime.native.System.Security.Cryptography,4.3.4,metapackage,,,,,52327,52327,,,,,,,,,,,,,,,,,,,,,,
Microsoft.Build.CentralPackageVersions,2.1.3,metapackage,,,,,34370,34370,,,,,,,,,,,,,,,,,,,,,,
Aspire.Hosting.Orchestration.linux-x64,13.5.3,metapackage,,,,,65558,46417172,,,,,,,,,,,,,,,,,,,,,,
coverlet.console,10.0.1,ok,tools,,tools/net8.0/any/Mono.Cecil.dll,372824,234242,4314323,178,305,834,1,116,4,1140,707,81,163,35,552,91,217,0,23,36,130,1952,351,3152,351
Microsoft.TestPlatform.Portable,18.9.0,ok,tools,,tools/net462/System.Memory.dll,145200,198323,14717080,29,283,69,0,21,17,352,163,12,69,221,37,13,4,0,3,15,23,276,78,708,78
CSharpier,1.3.0,ok,tools,,tools/net8.0/any/CSharpier.dll,133632,126222,23347493,3,0,98,0,2,0,98,201,18,50,0,0,0,0,0,0,0,1,632,147,579,147
xunit.v3.core,4.0.0,metapackage,,,,,32184,32184,,,,,,,,,,,,,,,,,,,,,,
NUnit.Runners,3.12.0,metapackage,,,,,29326,29326,,,,,,,,,,,,,,,,,,,,,,
MinVer,8.0.0,ok,build,,build/bin/net9.0/MinVer.dll,26624,84018,1016354,0,0,13,0,0,0,13,11,0,3,0,0,0,0,0,0,0,0,40,12,44,12
Unicorn,4.1.6,ok,tools,,tools/PSAPI/MicroCHAP.dll,10240,50094,44815,11,29,5,0,6,0,34,4,5,2,0,29,15,5,0,5,6,0,16,13,50,13
SerilogAnalyzer,0.15.0,ok,analyzers,,analyzers/dotnet/cs/SerilogAnalyzer.dll,79872,78680,45955,8,13,55,0,7,0,68,86,1,61,2,17,0,14,0,0,1,1,242,53,252,53
SecurityCodeScan.VS2019,5.6.7,ok,analyzers,,analyzers/dotnet/YamlDotNet.dll,224256,157719,450885,199,415,258,2,231,12,675,403,56,150,32,364,113,93,0,29,50,137,634,337,1779,337
Microsoft.NETCore.App.Host.osx-arm64,10.0.11,metapackage,,,,,65558,4983688,,,,,,,,,,,,,,,,,,,,,,
itext7.commons,9.7.0,metapackage,,,,,30556,30556,,,,,,,,,,,,,,,,,,,,,,
MimeTypes,2.5.2,metapackage,,,,,65558,89121,,,,,,,,,,,,,,,,,,,,,,
Microsoft.NETCore.App.Runtime.osx-arm64,10.0.11,ok,runtimes,,runtimes/osx-arm64/lib/net10.0/System.dll,50472,85569,36677792,0,0,0,0,0,0,0,0,0,0,0,0,0,0,0,0,0,0,0,1,0,1
Microsoft.Windows.SDK.BuildTools,,error:ValueError,,,,,,,,,,,,,,,,,,,,,,,,,,,,
dotnet-trace,10.0.731102,ok,tools,,tools/net8.0/any/Dia2Lib.dll,59024,94214,12198640,41,231,292,0,3,0,523,0,0,0,0,526,496,0,0,31,31,7,131,42,529,42
Roslynator.Formatting.Analyzers,5.0.0,ok,analyzers,,analyzers/dotnet/roslyn3.8/cs/Roslynator.Formatting.Analyzers.dll,75264,95690,1736881,45,44,51,0,45,0,95,159,2,148,0,88,0,0,0,0,1,44,248,110,504,110
elmah,1.2.2,metapackage,,,,,15323,15323,,,,,,,,,,,,,,,,,,,,,,
itext7.pdfhtml,6.3.3,metapackage,,,,,33252,33252,,,,,,,,,,,,,,,,,,,,,,
MSTest,4.4.0,metapackage,,,,,30858,30858,,,,,,,,,,,,,,,,,,,,,,
PolySharp,1.16.0,ok,analyzers,,analyzers/dotnet/cs/PolySharp.SourceGenerators.dll,201728,123024,84378,3,3,85,0,3,0,88,37,0,12,0,4,0,2,0,0,0,3,160,95,335,95
Microsoft.NETCore.App.Crossgen2.win-x64,,error:ValueError,,,,,,,,,,,,,,,,,,,,,,,,,,,,
Microsoft.AspNetCore.App.Runtime.osx-arm64,10.0.11,ok,runtimes,,runtimes/osx-arm64/lib/net10.0/System.Formats.Cbor.dll,178512,141626,12388038,7,70,82,0,6,0,152,76,2,63,0,0,0,0,0,0,0,4,276,31,302,31
Microsoft.VisualStudio.Azure.Fabric.MSBuild,1.7.9,ok,build,,build/Microsoft.VisualStudio.Azure.Fabric.BuildTasks.dll,60824,94571,311023,20,15,97,0,19,0,112,48,14,49,1,23,4,1,0,0,1,0,150,45,309,45
Microsoft.ClearScript.V8.Native.win-x64,7.5.1.1,too_large,runtimes,,runtimes/win-x64/native/ClearScriptV8.win-x64.dll,29893768,65558,11032767,,,,,,,,,,,,,,,,,,,,,,
trx2junit,2.1.0,ok,tools,,tools/net6.0/any/trx2junit.dll,9216,70403,188192,0,0,0,0,0,0,0,4,0,3,0,0,0,0,0,0,0,0,9,8,13,8
IronPdf.Native.Chrome.Linux,2026.9.4,metapackage,,,,,65558,108632785,,,,,,,,,,,,,,,,,,,,,,
dotnet-counters,10.0.731102,ok,tools,,tools/net8.0/any/Dia2Lib.dll,59024,94214,6687665,41,231,292,0,3,0,523,0,0,0,0,526,496,0,0,31,31,7,131,42,529,42
Paket,10.3.1,ok,tools,,tools/net9.0/any/Argu.dll,340992,195355,9046580,59,64,215,0,46,0,279,41,2,931,13,21,7,8,1,4,8,11,912,740,1834,740
psake,4.9.0,metapackage,,,,,63439,63439,,,,,,,,,,,,,,,,,,,,,,
Microsoft.DotNet.UpgradeAssistant.Extensions.Default.Analyzers,0.4.421302,ok,analyzers,,analyzers/dotnet/cs/Microsoft.DotNet.UpgradeAssistant.Extensions.Default.Analyzers.dll,101272,115827,304539,19,35,88,0,17,4,123,67,12,76,11,38,0,0,0,0,2,12,203,66,293,66
Microsoft.NETCore.App.Host.win-x86,,error:ValueError,,,,,,,,,,,,,,,,,,,,,,,,,,,,
FontAwesome,4.7.0,metapackage,,,,,65558,645376,,,,,,,,,,,,,,,,,,,,,,
FluentAssertions.Analyzers,0.34.1,ok,analyzers,,analyzers/dotnet/cs/FluentAssertions.Analyzers.dll,147968,112433,73877,34,66,149,0,24,4,215,96,24,57,82,43,5,7,0,1,11,11,346,99,515,99
Antlr4,4.6.6,metapackage,,,,,13712,13712,,,,,,,,,,,,,,,,,,,,,,
SlowCheetah,2.5.48,ok,tools,,tools/SlowCheetah.dll,8704,59887,55567,4,3,3,0,6,0,6,1,1,0,0,3,1,1,0,1,1,0,11,6,16,6
JetBrains.dotCover.CommandLineTools,2026.2.1,ok,tools,,tools/IlUtils.dll,13160,75039,44175251,1,2,0,0,0,0,2,0,0,0,2,0,0,0,0,0,1,1,0,2,2,2
Microsoft.NETCore.App.Runtime.Mono.maccatalyst-arm64,10.0.11,ok,runtimes,,runtimes/maccatalyst-arm64/lib/net10.0/System.dll,50472,85581,28768313,0,0,0,0,0,0,0,0,0,0,0,0,0,0,0,0,0,0,0,1,0,1
MSBuild.Microsoft.VisualStudio.Web.targets,14.0.0.3,ok,tools,,tools/VSToolsPath/Web/Microsoft.Web.XmlTransform.dll,76992,100420,295507,22,64,133,0,23,0,197,127,63,87,2,43,17,3,0,2,5,8,154,55,460,55
wix,7.0.0,ok,tools,,tools/net8.0/any/wix.dll,19968,80199,4584451,2,5,2,0,2,0,7,5,0,1,2,3,0,3,0,0,0,2,8,5,16,5
runtime.win7-x86.runtime.native.System.IO.Compression,,error:ValueError,,,,,,,,,,,,,,,,,,,,,,,,,,,,
cef.redist.x64,120.2.7,too_large,cef,,CEF/libcef.dll,214967296,65558,128957697,,,,,,,,,,,,,,,,,,,,,,
Microsoft.Azure.Functions.Worker.Extensions.Storage,6.8.2,metapackage,,,,,31505,31505,,,,,,,,,,,,,,,,,,,,,,
NUnitTestAdapter,2.3.0,ok,build,,build/nunit.core.dll,147456,124329,341026,106,308,155,0,132,0,463,189,53,14,92,238,9,93,0,0,10,7,351,131,880,131
Selenium.Firefox.WebDriver,0.27.0,metapackage,,,,,65558,1526803,,,,,,,,,,,,,,,,,,,,,,
JetBrains.dotTrace.CommandLineTools.windows-x64,2026.2.1,ok,tools,,tools/IlUtils.dll,13160,75039,50747187,1,2,0,0,0,0,2,0,0,0,2,0,0,0,0,0,1,1,0,2,2,2
OpenTK,4.9.4,metapackage,,,,,16524,16524,,,,,,,,,,,,,,,,,,,,,,
Microsoft.NETCore.App.Runtime.Mono.maccatalyst-x64,10.0.11,ok,runtimes,,runtimes/maccatalyst-x64/lib/net10.0/System.dll,50472,85574,29348418,0,0,0,0,0,0,0,0,0,0,0,0,0,0,0,0,0,0,0,1,0,1
runtime.android-x64.runtime.native.System.IO.Ports,10.0.11,metapackage,,,,,52830,52830,,,,,,,,,,,,,,,,,,,,,,
Text.Analyzers,5.6.0,ok,analyzers,,analyzers/dotnet/cs/Humanizer.dll,318424,213793,12146874,93,418,499,0,27,11,917,278,37,46,814,57,35,8,0,10,53,59,493,241,1636,241
runtime.linux-musl-arm64.runtime.native.System.IO.Ports,10.0.11,metapackage,,,,,52643,52643,,,,,,,,,,,,,,,,,,,,,,
dotnet-gcdump,10.0.731102,ok,tools,,tools/net8.0/any/Dia2Lib.dll,59024,94214,6060511,41,231,292,0,3,0,523,0,0,0,0,526,496,0,0,31,31,7,131,42,529,42
runtime.android-x86.runtime.native.System.IO.Ports,10.0.11,metapackage,,,,,52807,52807,,,,,,,,,,,,,,,,,,,,,,
Datadog.Trace.Bundle,,error:ValueError,,,,,,,,,,,,,,,,,,,,,,,,,,,,
JetBrains.ReSharper.GlobalTools,2026.2.1,ok,tools,,tools/net8.0/any/Owin.dll,4608,386054,189900708,1,3,1,0,0,0,4,0,0,0,0,4,4,0,0,1,1,0,0,2,4,2
runtime.linux-musl-x64.runtime.native.System.IO.Ports,10.0.11,metapackage,,,,,52808,52808,,,,,,,,,,,,,,,,,,,,,,
Microsoft.Android.Sdk.Darwin,36.1.69,ok,tools,,tools/Irony.dll,154488,136465,150888115,180,347,170,6,179,11,523,144,57,34,162,216,27,13,0,5,17,45,682,206,920,206
runtime.maccatalyst-arm64.runtime.native.System.IO.Ports,10.0.11,metapackage,,,,,57171,57171,,,,,,,,,,,,,,,,,,,,,,
Microsoft.NETCore.App.Runtime.win-arm64,,error:ValueError,,,,,,,,,,,,,,,,,,,,,,,,,,,,
runtime.linux-bionic-arm64.runtime.native.System.IO.Ports,10.0.11,metapackage,,,,,52593,52593,,,,,,,,,,,,,,,,,,,,,,
runtime.android-arm64.runtime.native.System.IO.Ports,10.0.11,metapackage,,,,,52572,52572,,,,,,,,,,,,,,,,,,,,,,
runtime.android-arm.runtime.native.System.IO.Ports,10.0.11,metapackage,,,,,51508,51508,,,,,,,,,,,,,,,,,,,,,,
runtime.linux-bionic-x64.runtime.native.System.IO.Ports,10.0.11,metapackage,,,,,52854,52854,,,,,,,,,,,,,,,,,,,,,,
Microsoft.NET.Workloads.10.0.200.Msi.x64,10.204.1,metapackage,,,,,65558,363555,,,,,,,,,,,,,,,,,,,,,,
runtime.linux-musl-arm.runtime.native.System.IO.Ports,10.0.11,metapackage,,,,,51494,51494,,,,,,,,,,,,,,,,,,,,,,
runtime.maccatalyst-x64.runtime.native.System.IO.Ports,10.0.11,metapackage,,,,,57194,57194,,,,,,,,,,,,,,,,,,,,,,
itext7.bouncy-castle-adapter,9.7.0,metapackage,,,,,30625,30625,,,,,,,,,,,,,,,,,,,,,,
Selenium.WebDriver.IEDriver,4.14.0,metapackage,,,,,65558,1104147,,,,,,,,,,,,,,,,,,,,,,
BuildWebCompiler,1.12.405,ok,tools,,tools/net46/NUglify.dll,593920,293683,30041731,194,1050,926,11,140,0,1987,780,66,425,95,1017,102,516,0,6,26,86,1588,288,3729,288
dotless,1.6.7,metapackage,,,,,11958,11958,,,,,,,,,,,,,,,,,,,,,,
Fake,5.16.0,ok,tools,,tools/Argu.dll,329728,188831,24117218,55,53,211,0,42,0,264,40,2,945,13,10,7,0,1,4,8,10,896,754,1847,754
Microsoft.ClearScript.V8.Native.linux-x64,7.5.1.1,metapackage,,,,,65558,16377203,,,,,,,,,,,,,,,,,,,,,,
Microsoft.NETFramework.ReferenceAssemblies.net45,1.0.3,ok,build,,build/.NETFramework/v4.5/System.dll,1442728,550078,19820444,1011,3222,3660,112,1341,14,6994,818,1067,3364,543,2645,687,258,0,84,161,455,9010,1992,14310,1992
MemoryPack,1.21.4,metapackage,,,,,16510,16510,,,,,,,,,,,,,,,,,,,,,,
Microsoft.NETCore.App.Runtime.AOT.osx-x64.Cross.iossimulator-x64,10.0.11,metapackage,,,,,65558,51599083,,,,,,,,,,,,,,,,,,,,,,
Microsoft.NETCore.App.Runtime.AOT.osx-x64.Cross.iossimulator-arm64,10.0.11,metapackage,,,,,65558,51584890,,,,,,,,,,,,,,,,,,,,,,
Microsoft.AspNetCore.App.Runtime.win-arm64,,error:ValueError,,,,,,,,,,,,,,,,,,,,,,,,,,,,
PowerShell,7.6.5,ok,tools,,tools/net10.0/any/win/pwsh.dll,144680,216435,43357255,1,1,0,0,1,0,1,0,0,0,1,0,0,0,0,0,0,1,0,2,2,2
Microsoft.Azure.Functions.Worker.ItemTemplates.NetFx,4.0.5590,metapackage,,,,,65558,381296,,,,,,,,,,,,,,,,,,,,,,
cef.redist.x86,120.2.7,too_large,cef,,CEF/libcef.dll,170263552,65558,113241812,,,,,,,,,,,,,,,,,,,,,,
GitInfo,3.6.1,metapackage,,,,,42062,42062,,,,,,,,,,,,,,,,,,,,,,
Aspire.Dashboard.Sdk.linux-x64,13.5.3,ok,tools,,tools/Hex1b.dll,5702992,3281962,14349061,842,3692,4457,51,549,488,8200,4977,668,3689,1012,2644,146,760,0,30,216,736,12680,2464,21258,2464
MemoryPack.Generator,1.21.4,ok,analyzers,,analyzers/dotnet/cs/MemoryPack.Generator.dll,207360,120268,70706,18,46,124,0,13,3,170,107,3,100,8,16,6,3,0,1,3,7,352,64,462,64
Microsoft.Orleans.Sdk,10.3.1,metapackage,,,,,34837,34837,,,,,,,,,,,,,,,,,,,,,,
RamlToOpenApiConverter.SourceOnly,0.40.0,metapackage,,,,,33906,33906,,,,,,,,,,,,,,,,,,,,,,
Lindhart.Analyser.MissingAwaitWarning,3.2.0,ok,analyzers,,analyzers/dotnet/cs/Lindhart.Analyser.MissingAwaitWarning.dll,24064,48214,32836,2,2,10,0,2,0,12,9,0,14,0,4,0,2,0,0,0,0,35,8,31,8
vswhere,3.1.7,metapackage,,,,,65558,263597,,,,,,,,,,,,,,,,,,,,,,
Microsoft.Android.Templates,36.1.69,metapackage,,,,,65558,168872,,,,,,,,,,,,,,,,,,,,,,
Microsoft.Build.Traversal,4.1.82,metapackage,,,,,43783,43783,,,,,,,,,,,,,,,,,,,,,,
nbgv,3.10.94,ok,tools,,tools/net8.0/any/nbgv.dll,79768,114366,43062112,1,2,4,0,1,0,6,41,2,18,0,2,0,0,0,0,0,0,147,29,81,29
HarfBuzzSharp.NativeAssets.WebAssembly,14.2.1.102,metapackage,,,,,65558,24329207,,,,,,,,,,,,,,,,,,,,,,
dotnet-format,5.1.250801,ok,tools,,tools/netcoreapp2.1/any/Humanizer.dll,212008,159089,18053886,81,354,484,0,27,10,838,162,31,39,770,40,21,7,0,9,47,48,324,187,1302,187
Microsoft.Orleans.CodeGenerator,10.3.1,ok,analyzers,,analyzers/dotnet/cs/Orleans.CodeGenerator.dll,538936,304820,272141,18,11,748,0,6,0,759,616,6,527,10,1,0,1,0,0,11,14,1209,277,2556,277
Microsoft.Orleans.Analyzers,10.3.1,ok,analyzers,,analyzers/dotnet/cs/Orleans.Analyzers.dll,265568,192813,160393,22,32,196,0,21,2,228,347,4,259,2,53,0,10,0,0,0,2,725,188,1032,188
SecurityCodeScan,3.5.4,ok,analyzers,,analyzers/dotnet/YamlDotNet.dll,206336,150046,183403,185,397,235,2,220,4,634,387,56,131,25,349,109,89,0,28,45,126,581,307,1627,307
AzureSignTool,7.0.1,ok,tools,,tools/net8.0/any/Azure.Core.dll,437304,248895,3755218,112,337,527,0,120,49,864,607,110,223,200,276,67,58,0,7,34,56,1573,379,2524,379
StrawberryShake.Server,16.6.4,ok,tools,,tools/net8/Glob.dll,24576,237060,83425902,4,20,19,0,1,0,39,46,4,13,19,0,0,0,0,0,1,2,103,39,147,39
Microsoft.Windows.CppWinRT,3.0.260818.1,metapackage,,,,,65558,621997,,,,,,,,,,,,,,,,,,,,,,
Microsoft.NETCore.App.Runtime.AOT.osx-x64.Cross.ios-arm64,10.0.11,metapackage,,,,,65558,51584849,,,,,,,,,,,,,,,,,,,,,,
IDisposableAnalyzers,4.0.8,ok,analyzers,,analyzers/dotnet/cs/IDisposableAnalyzers.dll,487424,255068,206237,169,1092,151,0,46,26,1243,505,101,640,788,235,2,60,0,0,87,150,1337,565,2746,565
AngularJS.Core,1.8.2,metapackage,,,,,65558,606426,,,,,,,,,,,,,,,,,,,,,,
Microsoft.Net.Native.Compiler,,error:ValueError,,,,,,,,,,,,,,,,,,,,,,,,,,,,
Microsoft.AspNet.Providers.LocalDB,2.0.1,metapackage,,,,,30421,30421,,,,,,,,,,,,,,,,,,,,,,
Microsoft.Build.NoTargets,3.7.134,metapackage,,,,,41945,41945,,,,,,,,,,,,,,,,,,,,,,
Refitter,2.1.3,ok,tools,,tools/net8.0/any/Fluid.dll,257536,170340,29551418,133,592,259,0,122,1,851,315,162,179,151,429,20,21,0,6,27,107,1150,273,1643,273
Selenium.Chrome.WebDriver,85.0.0,metapackage,,,,,65558,5222187,,,,,,,,,,,,,,,,,,,,,,
Microsoft.Web.LibraryManager.Build,3.0.114,ok,tools,,tools/net481/Newtonsoft.Json.dll,722040,342400,1375809,144,749,707,8,169,72,1464,1112,101,453,204,665,33,55,0,9,24,48,2201,500,4213,500
Microsoft.VisualStudio.JavaScript.SDK,1.0.6578810,ok,tasks,,tasks/net472/Microsoft.VisualStudio.JavaScript.Tasks.dll,23392,79500,179913,2,2,5,0,2,0,7,6,0,4,0,2,0,0,0,0,0,0,12,6,27,6
runtime.linux-x64.Microsoft.DotNet.ILCompiler,10.0.11,metapackage,,,,,65558,13838568,,,,,,,,,,,,,,,,,,,,,,
Microsoft.iOS.Templates,26.5.10315,metapackage,,,,,65558,226775,,,,,,,,,,,,,,,,,,,,,,
Microsoft.NETCore.App.Runtime.AOT.osx-x64.Cross.android-arm64,10.0.11,metapackage,,,,,65558,51523770,,,,,,,,,,,,,,,,,,,,,,
Roslynator.CodeAnalysis.Analyzers,5.0.0,ok,analyzers,,analyzers/dotnet/roslyn3.8/cs/Roslynator.CodeAnalysis.Analyzers.dll,32768,80985,1642272,8,7,15,0,7,0,22,31,1,25,0,13,0,0,0,0,1,7,66,32,104,32
OpenCvSharp4.runtime.win,4.13.0.20260627,too_large,runtimes,,runtimes/win-x64/native/OpenCvSharpExtern.dll,68575744,65558,39861764,,,,,,,,,,,,,,,,,,,,,,
Microsoft.ICU.ICU4C.Runtime.win-x64,72.1.0.3,too_large,runtimes,,runtimes/win-x64/native/icudt72.dll,31093280,65558,14377116,,,,,,,,,,,,,,,,,,,,,,
Microsoft.NETCore.App.Runtime.AOT.osx-x64.Cross.android-x86,10.0.11,metapackage,,,,,65558,51500426,,,,,,,,,,,,,,,,,,,,,,
Microsoft.NETCore.App.Runtime.AOT.osx-x64.Cross.android-x64,10.0.11,metapackage,,,,,65558,51535362,,,,,,,,,,,,,,,,,,,,,,
Microsoft.VSSDK.BuildTools,,error:ValueError,,,,,,,,,,,,,,,,,,,,,,,,,,,,
Rainbow,2.1.4,metapackage,,,,,13117,13117,,,,,,,,,,,,,,,,,,,,,,
Microsoft.NETCore.App.Runtime.AOT.osx-x64.Cross.android-arm,10.0.11,metapackage,,,,,65558,51486569,,,,,,,,,,,,,,,,,,,,,,
Microsoft.ICU.ICU4C.Runtime.win-arm64,72.1.0.3,too_large,runtimes,,runtimes/win-arm64/native/icudt72.dll,31093184,65558,13972454,,,,,,,,,,,,,,,,,,,,,,
Microsoft.ICU.ICU4C.Runtime.win-x86,72.1.0.3,too_large,runtimes,,runtimes/win-x86/native/icudt72.dll,31092768,65558,13992814,,,,,,,,,,,,,,,,,,,,,,
Microsoft.ICU.ICU4C.Runtime.linux-arm64,72.1.0.3,metapackage,,,,,65558,14963604,,,,,,,,,,,,,,,,,,,,,,
Microsoft.ICU.ICU4C.Runtime,72.1.0.3,metapackage,,,,,33824,33824,,,,,,,,,,,,,,,,,,,,,,
Microsoft.ICU.ICU4C.Runtime.linux-x64,72.1.0.3,metapackage,,,,,65558,14719595,,,,,,,,,,,,,,,,,,,,,,
Agoda.Builds.Metrics,1.0.128,ok,tasks,,tasks/net472/System.Memory.dll,141184,125899,2582132,29,283,71,0,21,17,354,164,12,67,221,37,13,4,0,3,15,23,273,76,703,76
SkiaSharp.NativeAssets.Android,4.151.2,metapackage,,,,,65558,17506160,,,,,,,,,,,,,,,,,,,,,,
Microsoft.Orleans.Server,10.3.1,metapackage,,,,,34119,34119,,,,,,,,,,,,,,,,,,,,,,
Microsoft.Orleans.Client,10.3.1,metapackage,,,,,33973,33973,,,,,,,,,,,,,,,,,,,,,,
toastr,2.1.1,metapackage,,,,,30311,30311,,,,,,,,,,,,,,,,,,,,,,
Antlr4.CodeGenerator,4.6.6,ok,tools,,tools/netstandard/Antlr4.dll,552448,254994,2172565,232,1149,71,0,303,0,1220,381,203,57,62,1122,109,24,0,9,24,11,2406,279,2044,279
Avalonia.BuildServices,11.3.2,ok,tools,,tools/netstandard2.0/Avalonia.BuildServices.dll,67584,95369,68329,10,10,103,0,5,0,113,47,0,57,8,5,0,5,0,0,1,4,278,59,343,59
Microsoft.NET.Sdk.Maui.Manifest-6.0.200,6.0.200-preview.14.5099,metapackage,,,,,22072,22072,,,,,,,,,,,,,,,,,,,,,,
Husky,0.9.1,ok,tools,,tools/net8.0/any/CliFx.dll,171520,184268,19171984,24,121,184,0,25,0,305,157,6,58,10,133,26,47,0,3,6,5,253,116,719,116
Microsoft.NET.Sdk.MacCatalyst.Manifest-6.0.100,15.0.101-preview.11.551,metapackage,,,,,23315,23315,,,,,,,,,,,,,,,,,,,,,,
Microsoft.NET.Sdk.iOS.Manifest-6.0.100,15.0.101-preview.11.551,metapackage,,,,,23361,23361,,,,,,,,,,,,,,,,,,,,,,
Microsoft.CodeAnalysis.PublicApiAnalyzers,5.6.0,ok,analyzers,,analyzers/dotnet/Microsoft.CodeAnalysis.PublicApiAnalyzers.dll,1869608,727775,951120,112,316,1307,0,62,7,1623,2556,291,1252,64,170,0,127,0,0,8,106,5160,1453,10215,1453
IronPython.StdLib,3.4.2,metapackage,,,,,173321,10093426,,,,,,,,,,,,,,,,,,,,,,
Microsoft.CrmSdk.CoreTools,9.1.0.179,ok,content,,content/bin/coretools/System.Memory.dll,142240,125947,2916783,29,283,71,0,21,17,354,164,12,67,221,37,13,4,0,3,15,23,273,76,703,76
Microsoft.ClearScript.V8.Native.osx-arm64,7.5.1.1,metapackage,,,,,65558,11086480,,,,,,,,,,,,,,,,,,,,,,
Microsoft.NET.Sdk.tvOS.Manifest-6.0.100,15.0.101-preview.11.551,metapackage,,,,,23269,23269,,,,,,,,,,,,,,,,,,,,,,
Microsoft.NET.Sdk.Android.Manifest-6.0.100,31.0.101-preview.11.117,metapackage,,,,,29832,29832,,,,,,,,,,,,,,,,,,,,,,
Microsoft.NET.Sdk.iOS.Manifest-6.0.200,15.2.302-preview.14.122,metapackage,,,,,23370,23370,,,,,,,,,,,,,,,,,,,,,,
MassTransit.Analyzers,8.5.10,ok,analyzers,,analyzers/dotnet/cs/MassTransit.Analyzers.dll,78336,108007,72857,7,29,10,0,6,0,39,81,0,37,20,12,0,3,0,0,1,1,165,54,202,54
Microsoft.NET.Sdk.Android.Manifest-6.0.200,31.0.200-preview.14.106,metapackage,,,,,29798,29798,,,,,,,,,,,,,,,,,,,,,,
Microsoft.NET.Sdk.macOS.Manifest-6.0.100,12.0.101-preview.11.551,metapackage,,,,,23275,23275,,,,,,,,,,,,,,,,,,,,,,
Microsoft.NET.Sdk.macOS.Manifest-6.0.200,12.1.302-preview.14.122,metapackage,,,,,23276,23276,,,,,,,,,,,,,,,,,,,,,,
Microsoft.NET.Sdk.MacCatalyst.Manifest-6.0.200,15.2.302-preview.14.122,metapackage,,,,,23316,23316,,,,,,,,,,,,,,,,,,,,,,
Microsoft.ML.OnnxRuntime,,error:ValueError,,,,,,,,,,,,,,,,,,,,,,,,,,,,
Microsoft.NET.Sdk.tvOS.Manifest-6.0.200,15.2.302-preview.14.122,metapackage,,,,,23277,23277,,,,,,,,,,,,,,,,,,,,,,
Microsoft.NET.Sdk.Maui.Manifest-6.0.100,6.0.101-preview.11.2349,metapackage,,,,,22077,22077,,,,,,,,,,,,,,,,,,,,,,
Microsoft.NET.Sdk.iOS.Manifest-8.0.100-rc.1,16.4.8825-net8-rc1,metapackage,,,,,27631,27631,,,,,,,,,,,,,,,,,,,,,,
Microsoft.NET.Sdk.Android.Manifest-8.0.100-rc.1,34.0.0-rc.1.432,metapackage,,,,,33946,33946,,,,,,,,,,,,,,,,,,,,,,
Microsoft.NET.Sdk.Maui.Manifest-8.0.100-rc.1,8.0.0-rc.1.9171,metapackage,,,,,35612,35612,,,,,,,,,,,,,,,,,,,,,,
Microsoft.ApplicationInsights.JavaScript,1.0.20-build00666,metapackage,,,,,65558,95220,,,,,,,,,,,,,,,,,,,,,,
Microsoft.NET.Sdk.macOS.Manifest-8.0.100-rc.1,13.3.8825-net8-rc1,metapackage,,,,,27546,27546,,,,,,,,,,,,,,,,,,,,,,
Avalonia.Angle.Windows.Natives,,error:ValueError,,,,,,,,,,,,,,,,,,,,,,,,,,,,
Microsoft.NET.Sdk.tvOS.Manifest-8.0.100-rc.1,16.4.8825-net8-rc1,metapackage,,,,,27543,27543,,,,,,,,,,,,,,,,,,,,,,
Microsoft.NET.Sdk.MacCatalyst.Manifest-8.0.100-rc.1,16.4.8825-net8-rc1,metapackage,,,,,27576,27576,,,,,,,,,,,,,,,,,,,,,,
MSBuildTasks,1.5.0.235,ok,tools,,tools/MSBuild.Community.Tasks.dll,869888,483676,540611,160,276,1440,6,152,2,1722,572,226,361,13,288,17,22,0,5,13,13,2233,342,4090,342
Microsoft.NETFramework.ReferenceAssemblies.net481,1.0.3,ok,build,,build/.NETFramework/v4.8.1/System.dll,1474464,564374,20342378,1026,3266,3739,112,1343,14,7117,845,1084,3446,572,2661,687,262,0,84,165,469,9225,2047,14629,2047
Microsoft.Packaging.Tools,1.0.0-preview2-25401-01,ok,build,,build/System.Reflection.Metadata.dll,428784,236240,552060,195,428,808,0,20,224,1236,614,42,863,299,227,0,139,0,0,4,194,2941,510,3253,510
ChilkatNativeLib,,error:ValueError,,,,,,,,,,,,,,,,,,,,,,,,,,,,
