rank,name,downloads,cumulative_downloads,cumulative_share_pct
1,bundler,3670861388,3670861388,1.3924
2,aws-sdk-core,1735534533,5406395921,2.0508
3,aws-sigv4,1542666286,6949062207,2.6359
4,aws-partitions,1503401650,8452463857,3.2062
5,jmespath,1428846385,9881310242,3.7482
6,i18n,1415699447,11297009689,4.2852
7,activesupport,1412649969,12709659658,4.8211
8,rake,1395357068,14105016726,5.3503
9,json,1355755833,15460772559,5.8646
10,concurrent-ruby,1350894115,16811666674,6.377
11,aws-eventstream,1346700829,18158367503,6.8879
12,rack,1332332606,19490700109,7.3933
13,tzinfo,1302574308,20793274417,7.8873
14,minitest,1281474403,22074748820,8.3734
15,nokogiri,1249776487,23324525307,8.8475
16,addressable,1248517381,24573042688,9.3211
17,faraday,1241469867,25814512555,9.792
18,public_suffix,1220136610,27034649165,10.2548
19,diff-lcs,1218933223,28253582388,10.7172
20,rspec-core,1187996415,29441578803,11.1678
21,rspec-expectations,1187518803,30629097606,11.6183
22,rspec-mocks,1182198478,31811296084,12.0667
23,rspec-support,1174568773,32985864857,12.5123
24,multi_json,1150569936,34136434793,12.9487
25,thor,1137357482,35273792275,13.3801
26,aws-sdk-s3,1092149547,36365941822,13.7944
27,ffi,1073180440,37439122262,14.2015
28,aws-sdk-kms,1057101340,38496223602,14.6025
29,rspec,1011146338,39507369940,14.986
30,unicode-display_width,968488522,40475858462,15.3534
31,mime-types,923099952,41398958414,15.7035
32,builder,920491109,42319449523,16.0527
33,multipart-post,915576435,43235025958,16.4
34,activemodel,882549386,44117575344,16.7348
35,mini_mime,870447435,44988022779,17.0649
36,parser,828189139,45816211918,17.3791
37,activerecord,827451393,46643663311,17.693
38,actionpack,815491897,47459155208,18.0023
39,parallel,811681714,48270836922,18.3102
40,rexml,810871125,49081708047,18.6178
41,rack-test,803290815,49884998862,18.9225
42,jwt,801609851,50686608713,19.2265
43,tilt,785021188,51471629901,19.5243
44,ast,783778184,52255408085,19.8216
45,rails,779205830,53034613915,20.1172
46,railties,777205380,53811819295,20.412
47,rubyzip,777092084,54588911379,20.7068
48,method_source,767938956,55356850335,20.9981
49,actionview,766268811,56123119146,21.2887
50,actionmailer,763842759,56886961905,21.5785
51,mail,754842068,57641803973,21.8648
52,rainbow,739818942,58381622915,22.1454
53,mime-types-data,737435701,59119058616,22.4252
54,faraday-net_http,736329487,59855388103,22.7045
55,loofah,736109102,60591497205,22.9837
56,ruby-progressbar,735115064,61326612269,23.2625
57,rubocop,734707853,62061320122,23.5412
58,racc,723234494,62784554616,23.8156
59,connection_pool,714121393,63498676009,24.0864
60,excon,699638385,64198314394,24.3518
61,rails-html-sanitizer,696248028,64894562422,24.6159
62,activejob,696010000,65590572422,24.8799
63,zeitwerk,687602871,66278175293,25.1408
64,nio4r,680201465,66958376758,25.3988
65,http-cookie,675660712,67634037470,25.6551
66,rails-dom-testing,673995535,68308033005,25.9107
67,domain_name,665154305,68973187310,26.163
68,regexp_parser,655109800,69628297110,26.4115
69,globalid,655044043,70283341153,26.66
70,websocket-driver,635011192,70918352345,26.9009
71,coderay,633559883,71551912228,27.1412
72,pry,627158033,72179070261,27.3791
73,erubi,619847466,72798917727,27.6142
74,rubygems-update,617390717,73416308444,27.8484
75,sprockets,616732053,74033040497,28.0824
76,thread_safe,609501804,74642542301,28.3136
77,mini_portile2,609044561,75251586862,28.5446
78,crass,605460118,75857046980,28.7742
79,puma,595931815,76452978795,29.0003
80,actioncable,594202807,77047181602,29.2257
81,multi_xml,593822457,77641004059,29.4509
82,websocket-extensions,584271328,78225275387,29.6726
83,redis,577344114,78802619501,29.8916
84,sprockets-rails,558004953,79360624454,30.1032
85,netrc,553938345,79914562799,30.3133
86,rubocop-ast,552455088,80467017887,30.5229
87,dotenv,538308437,81005326324,30.7271
88,unf_ext,537189212,81542515536,30.9309
89,activestorage,530725185,82073240721,31.1322
90,httpclient,530384545,82603625266,31.3334
91,rack-protection,512153202,83115778468,31.5276
92,msgpack,509308157,83625086625,31.7208
93,rb-fsevent,507981985,84133068610,31.9135
94,unf,506723919,84639792529,32.1057
95,base64,503292110,85143084639,32.2966
96,googleauth,501950178,85645034817,32.487
97,docile,496511855,86141546672,32.6754
98,simplecov,493862671,86635409343,32.8627
99,signet,491573212,87126982555,33.0492
100,simplecov-html,487665330,87614647885,33.2342
101,rb-inotify,486777759,88101425644,33.4188
102,ruby2_keywords,483280267,88584705911,33.6021
103,bigdecimal,481790161,89066496072,33.7849
104,rest-client,481478550,89547974622,33.9675
105,hashie,479165143,90027139765,34.1493
106,marcel,476837726,90503977491,34.3301
107,httparty,476464045,90980441536,34.5109
108,byebug,475212268,91455653804,34.6911
109,webrick,468861923,91924515727,34.869
110,pg,465126164,92389641891,35.0454
111,os,461926178,92851568069,35.2206
112,faraday_middleware,460138840,93311706909,35.3952
113,google-protobuf,446985529,93758692438,35.5647
114,actiontext,436348849,94195041287,35.7302
115,actionmailbox,436176913,94631218200,35.8957
116,hashdiff,420647674,95051865874,36.0553
117,webmock,417492500,95469358374,36.2136
118,terminal-table,412403595,95881761969,36.3701
119,execjs,411937580,96293699549,36.5263
120,bcrypt,408763964,96702463513,36.6814
121,crack,408033397,97110496910,36.8361
122,faraday-retry,404156360,97514653270,36.9894
123,rspec-rails,403443148,97918096418,37.1425
124,logger,399224543,98317320961,37.2939
125,retriable,398945499,98716266460,37.4452
126,sawyer,396792426,99113058886,37.5958
127,listen,396407401,99509466287,37.7461
128,faraday-excon,393793312,99903259599,37.8955
129,faraday-net_http_persistent,389854634,100293114233,38.0434
130,octokit,389392733,100682506966,38.1911
131,faraday-multipart,389326082,101071833048,38.3388
132,aws-sdk,383208381,101455041429,38.4841
133,net-ssh,381119067,101836160496,38.6287
134,knapsack,379678028,102215838524,38.7727
135,representable,375198093,102591036617,38.915
136,mini_magick,371325238,102962361855,39.0559
137,bootsnap,369450370,103331812225,39.196
138,net-imap,368829984,103700642209,39.3359
139,uber,368675607,104069317816,39.4758
140,aws-sdk-resources,366023383,104435341199,39.6146
141,sass,365189059,104800530258,39.7531
142,declarative,360985975,105161516233,39.8901
143,faraday-em_synchrony,357249224,105518765457,40.0256
144,capybara,354718067,105873483524,40.1601
145,sinatra,353765751,106227249275,40.2943
146,selenium-webdriver,353688503,106580937778,40.4285
147,timeout,351482312,106932420090,40.5618
148,factory_bot,349202234,107281622324,40.6943
149,request_store,347835052,107629457376,40.8262
150,faraday-em_http,346168207,107975625583,40.9575
151,aws-sdk-sqs,341742660,108317368243,41.0872
152,faker,338413299,108655781542,41.2155
153,xpath,336849107,108992630649,41.3433
154,rdoc,336704129,109329334778,41.471
155,highline,335740032,109665074810,41.5984
156,faraday-httpclient,334123586,109999198396,41.7251
157,sidekiq,332028509,110331226905,41.8511
158,google-cloud-env,331290096,110662517001,41.9767
159,responders,330964796,110993481797,42.1023
160,faraday-patron,330607291,111324089088,42.2277
161,arel,329529292,111653618380,42.3527
162,eventmachine,329492472,111983110852,42.4777
163,faraday-rack,324208034,112307318886,42.6006
164,rubocop-performance,321199710,112628518596,42.7225
165,memoist,320277638,112948796234,42.844
166,net-smtp,320022773,113268819007,42.9654
167,rouge,319732219,113588551226,43.0866
168,daemons,315450885,113904002111,43.2063
169,jquery-rails,309044968,114213047079,43.3235
170,jbuilder,308885862,114521932941,43.4407
171,digest-crc,306512006,114828444947,43.557
172,childprocess,306348991,115134793938,43.6732
173,warden,303230030,115438023968,43.7882
174,oj,302456970,115740480938,43.9029
175,rubocop-rails,301258033,116041738971,44.0172
176,erubis,300263403,116342002374,44.1311
177,launchy,296504969,116638507343,44.2435
178,uglifier,293446267,116931953610,44.3549
179,date,293328201,117225281811,44.4661
180,ethon,293222792,117518504603,44.5773
181,sass-rails,293027871,117811532474,44.6885
182,devise,292438114,118103970588,44.7994
183,mustermann,291677604,118395648192,44.9101
184,rubocop-rspec,290638447,118686286639,45.0203
185,factory_bot_rails,289486391,118975773030,45.1301
186,net-protocol,288814983,119264588013,45.2397
187,language_server-protocol,286380093,119550968106,45.3483
188,typhoeus,285595359,119836563465,45.4566
189,awesome_print,285526299,120122089764,45.5649
190,pry-byebug,284761605,120406851369,45.673
191,orm_adapter,283168637,120690020006,45.7804
192,formatador,280543071,120970563077,45.8868
193,google-apis-core,280026305,121250589382,45.993
194,google-cloud-core,278167727,121528757109,46.0985
195,aws-sdk-ssm,276520107,121805277216,46.2034
196,http-accept,274809149,122080086365,46.3077
197,oauth2,273444936,122353531301,46.4114
198,rack-cors,271297599,122624828900,46.5143
199,shoulda-matchers,270007865,122894836765,46.6167
200,timecop,269857712,123164694477,46.7191
201,rspec_junit_formatter,269445516,123434139993,46.8213
202,kaminari,269174084,123703314077,46.9234
203,simplecov_json_formatter,267572933,123970887010,47.0249
204,CFPropertyList,266452910,124237339920,47.126
205,coffee-script-source,264795892,124502135812,47.2264
206,google-cloud-errors,264528496,124766664308,47.3267
207,aws-sdk-ec2,261212916,125027877224,47.4258
208,drb,260254066,125288131290,47.5245
209,spring,257199552,125545330842,47.6221
210,coffee-script,255899896,125801230738,47.7192
211,trailblazer-option,250899606,126052130344,47.8143
212,temple,249518913,126301649257,47.909
213,kramdown,249408655,126551057912,48.0036
214,net-ntp,249168218,126800226130,48.0981
215,claide,248619897,127048846027,48.1924
216,reline,243087624,127291933651,48.2846
217,colored2,241610501,127533544152,48.3763
218,mysql2,240433290,127773977442,48.4675
219,uri,239996610,128013974052,48.5585
220,dry-core,239959618,128253933670,48.6495
221,htmlentities,239656514,128493590184,48.7404
222,net-pop,238041197,128731631381,48.8307
223,psych,237958602,128969589983,48.921
224,tty-screen,237438686,129207028669,49.0111
225,kaminari-core,236615737,129443644406,49.1008
226,google-cloud-storage,235748336,129679392742,49.1902
227,coffee-rails,235309126,129914701868,49.2795
228,irb,234425178,130149127046,49.3684
229,kaminari-activerecord,232312526,130381439572,49.4565
230,yard,232228652,130613668224,49.5446
231,kaminari-actionview,231823631,130845491855,49.6326
232,brakeman,230162174,131075654029,49.7199
233,dry-inflector,229568242,131305222271,49.807
234,net-scp,229164441,131534386712,49.8939
235,pry-rails,227395164,131761781876,49.9801
236,tty-cursor,227238282,131989020158,50.0663
237,io-console,226078357,132215098515,50.1521
238,benchmark,224986490,132440085005,50.2374
239,googleapis-common-protos-types,224015244,132664100249,50.3224
240,securerandom,223146455,132887246704,50.4071
241,et-orbi,221840850,133109087554,50.4912
242,omniauth,221473069,133330560623,50.5752
243,aws-sdk-kinesis,221000792,133551561415,50.659
244,xcodeproj,220587476,133772148891,50.7427
245,dry-types,217196187,133989345078,50.8251
246,database_cleaner,216582911,134205927989,50.9073
247,dry-logic,216330274,134422258263,50.9893
248,elasticsearch-api,215048322,134637306585,51.0709
249,elasticsearch,214005956,134851312541,51.1521
250,safe_yaml,213179730,135064492271,51.2329
251,http,211562950,135276055221,51.3132
252,plist,210469231,135486524452,51.393
253,redis-namespace,210318282,135696842734,51.4728
254,fugit,210105571,135906948305,51.5525
255,fastlane,209217624,136116165929,51.6319
256,aws-sdk-dynamodb,208775481,136324941410,51.711
257,sassc,208591302,136533532712,51.7902
258,thin,208174185,136741706897,51.8691
259,fastimage,207811112,136949518009,51.948
260,ice_nine,206865733,137156383742,52.0264
261,net-http-persistent,206468314,137362852056,52.1047
262,chunky_png,205566811,137568418867,52.1827
263,git,205258215,137773677082,52.2606
264,grpc,204314754,137977991836,52.3381
265,haml,204196085,138182187921,52.4155
266,http-form_data,203539480,138385727401,52.4927
267,debug_inspector,202515120,138588242521,52.5696
268,websocket,202384926,138790627447,52.6463
269,dotenv-rails,202240900,138992868347,52.723
270,google-apis-storage_v1,201940791,139194809138,52.7996
271,timers,201860739,139396669877,52.8762
272,raabro,201688114,139598357991,52.9527
273,graphql,200662105,139799020096,53.0288
274,mutex_m,197976720,139996996816,53.1039
275,lograge,197935385,140194932201,53.179
276,binding_of_caller,197457832,140392390033,53.2539
277,rails-controller-testing,196842561,140589232594,53.3286
278,google-apis-iamcredentials_v1,196181247,140785413841,53.403
279,rack-session,194804052,140980217893,53.4769
280,fog-core,194466687,141174684580,53.5507
281,sqlite3,192591321,141367275901,53.6237
282,mimemagic,192279704,141559555605,53.6966
283,json-schema,192208756,141751764361,53.7696
284,stringio,191321611,141943085972,53.8421
285,dry-configurable,189239730,142132325702,53.9139
286,csv,188585638,142320911340,53.9854
287,net-http,186722051,142507633391,54.0563
288,nap,186409923,142694043314,54.127
289,omniauth-oauth2,185947358,142879990672,54.1975
290,newrelic_rpm,185060294,143065050966,54.2677
291,fog-json,184818182,143249869148,54.3378
292,prism,184656385,143434525533,54.4079
293,google-api-client,184620325,143619145858,54.4779
294,ipaddress,183917507,143803063365,54.5477
295,state_machines,182808027,143985871392,54.617
296,bullet,182102206,144167973598,54.6861
297,web-console,181328414,144349302012,54.7549
298,uniform_notifier,181050827,144530352839,54.8235
299,fog-xml,180578397,144710931236,54.892
300,sass-listen,179517118,144890448354,54.9601
301,css_parser,179212798,145069661152,55.0281
302,net-sftp,177980893,145247642045,55.0956
303,http_parser.rb,177751585,145425393630,55.163
304,ffi-compiler,177731383,145603125013,55.2305
305,rack-proxy,176559323,145779684336,55.2974
306,xml-simple,176463034,145956147370,55.3644
307,fog-aws,175246679,146131394049,55.4308
308,nanaimo,174320111,146305714160,55.497
309,elasticsearch-transport,173734612,146479448772,55.5629
310,matrix,173681256,146653130028,55.6288
311,aws-sdk-sns,173518383,146826648411,55.6946
312,sassc-rails,173406616,147000055027,55.7603
313,rackup,172638698,147172693725,55.8258
314,kramdown-parser-gfm,170505400,147343199125,55.8905
315,babosa,170417092,147513616217,55.9552
316,aws-sdk-cloudformation,167891762,147681507979,56.0188
317,aws-sdk-lambda,167688971,147849196950,56.0824
318,aws-sdk-secretsmanager,167343450,148016540400,56.1459
319,celluloid,167035240,148183575640,56.2093
320,oauth,166911268,148350486908,56.2726
321,aws-sdk-cloudwatch,166678152,148517165060,56.3358
322,colorize,166488669,148683653729,56.399
323,activerecord-import,164704068,148848357797,56.4615
324,parallel_tests,164620203,149012978000,56.5239
325,unicode-emoji,164149836,149177127836,56.5862
326,faraday-cookie_jar,164145012,149341272848,56.6484
327,vcr,163164309,149504437157,56.7103
328,autoprefixer-rails,163156696,149667593853,56.7722
329,ttfunk,161297380,149828891233,56.8334
330,rchardet,161020150,149989911383,56.8945
331,tty-spinner,160584700,150150496083,56.9554
332,bindex,159925706,150310421789,57.016
333,fluent-plugin-s3,159070498,150469492287,57.0764
334,atomos,157364329,150626856616,57.1361
335,slop,157245117,150784101733,57.1957
336,fluent-plugin-kubernetes_metadata_filter,156996995,150941098728,57.2553
337,redis-client,156342833,151097441561,57.3146
338,stackprof,155275563,151252717124,57.3735
339,colored,154322564,151407039688,57.432
340,gh_inspector,154253950,151561293638,57.4905
341,guard,153631020,151714924658,57.5488
342,lumberjack,153221799,151868146457,57.6069
343,google-apis-androidpublisher_v3,152667700,152020814157,57.6648
344,backports,151574120,152172388277,57.7223
345,aws-sdk-iam,151436948,152323825225,57.7798
346,sexp_processor,151042849,152474868074,57.8371
347,rack-attack,149825060,152624693134,57.8939
348,open4,149177552,152773870686,57.9505
349,sorbet-runtime,147928060,152921798746,58.0066
350,sentry-ruby,147803090,153069601836,58.0627
351,ostruct,147377039,153216978875,58.1186
352,commander,145929014,153362907889,58.1739
353,aws-sdk-ecr,145611463,153508519352,58.2292
354,paper_trail,145194929,153653714281,58.2842
355,browser,144244411,153797958692,58.3389
356,descendants_tracker,143685012,153941643704,58.3934
357,aws-sdk-cloudwatchlogs,143431321,154085075025,58.4479
358,turbolinks,142564324,154227639349,58.5019
359,xcpretty,142020092,154369659441,58.5558
360,bundler-audit,141579566,154511239007,58.6095
361,climate_control,141217682,154652456689,58.6631
362,rufus-scheduler,140972965,154793429654,58.7165
363,carrierwave,140945919,154934375573,58.77
364,bindata,140893251,155075268824,58.8235
365,ruby_parser,140778038,155216046862,58.8769
366,nenv,140647688,155356694550,58.9302
367,notiffany,140639777,155497334327,58.9836
368,unicode_utils,139441880,155636776207,59.0364
369,slack-notifier,139435781,155776211988,59.0893
370,rails-i18n,139039988,155915251976,59.1421
371,shellany,139022664,156054274640,59.1948
372,faraday-http-cache,138867641,156193142281,59.2475
373,cocoapods,138370087,156331512368,59.3
374,jaro_winkler,137638100,156469150468,59.3522
375,rotp,137530525,156606680993,59.4044
376,aws-sdk-route53,137511734,156744192727,59.4565
377,bootboot,137456162,156881648889,59.5087
378,version_gem,137295209,157018944098,59.5607
379,liquid,137087717,157156031815,59.6127
380,active_model_serializers,136475792,157292507607,59.6645
381,dry-container,136353480,157428861087,59.7162
382,sanitize,136020883,157564881970,59.7678
383,emoji_regex,135664826,157700546796,59.8193
384,redis-store,135632725,157836179521,59.8707
385,ruby-saml,135326142,157971505663,59.9221
386,dogstatsd-ruby,135136992,158106642655,59.9733
387,spring-commands-rspec,134421975,158241064630,60.0243
388,cocoapods-core,134079383,158375144013,60.0752
389,guard-compat,133901669,158509045682,60.126
390,chronic,133816216,158642861898,60.1767
391,optimist,133513968,158776375866,60.2274
392,dry-initializer,133266210,158909642076,60.2779
393,coercible,133210480,159042852556,60.3284
394,celluloid-io,132844104,159175696660,60.3788
395,twilio-ruby,132718598,159308415258,60.4292
396,naturally,132608954,159441024212,60.4795
397,useragent,132500179,159573524391,60.5297
398,security,132311931,159705836322,60.5799
399,terminal-notifier,132240502,159838076824,60.6301
400,redcarpet,132235149,159970311973,60.6803
401,money,131943841,160102255814,60.7303
402,foreman,131797828,160234053642,60.7803
403,simctl,131346760,160365400402,60.8301
404,equalizer,131102941,160496503343,60.8798
405,pp,131012006,160627515349,60.9295
406,nori,131010843,160758526192,60.9792
407,database_cleaner-active_record,130833275,160889359467,61.0289
408,countries,130269882,161019629349,61.0783
409,virtus,130058206,161149687555,61.1276
410,aws-sdk-ses,129879364,161279566919,61.1769
411,guard-rspec,128676589,161408243508,61.2257
412,lint_roller,128585445,161536828953,61.2745
413,dalli,128525995,161665354948,61.3232
414,ed25519,128302443,161793657391,61.3719
415,ruby-vips,128288515,161921945906,61.4206
416,axiom-types,128151234,162050097140,61.4692
417,redis-rack,127403690,162177500830,61.5175
418,aws-sdk-firehose,127304152,162304804982,61.5658
419,rqrcode,127155990,162431960972,61.614
420,database_cleaner-core,126925338,162558886310,61.6622
421,gyoku,126801835,162685688145,61.7103
422,premailer,125880917,162811569062,61.758
423,aws-sdk-elasticloadbalancing,125818294,162937387356,61.8057
424,redis-actionpack,125592628,163062979984,61.8534
425,rspec-retry,124871744,163187851728,61.9007
426,xcpretty-travis-formatter,124569636,163312421364,61.948
427,kgio,124364435,163436785799,61.9952
428,danger,124307534,163561093333,62.0423
429,raindrops,124063553,163685156886,62.0894
430,tins,123720033,163808876919,62.1363
431,ruby-rc4,123468393,163932345312,62.1831
432,snaky_hash,122936793,164055282105,62.2298
433,tzinfo-data,122903101,164178185206,62.2764
434,image_processing,122864376,164301049582,62.323
435,celluloid-supervision,122436584,164423486166,62.3694
436,celluloid-pool,122232623,164545718789,62.4158
437,celluloid-essentials,122212001,164667930790,62.4622
438,celluloid-fsm,122203991,164790134781,62.5085
439,celluloid-extras,122201467,164912336248,62.5549
440,omniauth-google-oauth2,121968315,165034304563,62.6011
441,statsd-ruby,121906845,165156211408,62.6474
442,encryptor,121890339,165278101747,62.6936
443,word_wrap,121862776,165399964523,62.7398
444,debase-ruby_core_source,121670636,165521635159,62.786
445,faraday_middleware-aws-sigv4,121221055,165642856214,62.832
446,deep_merge,121219001,165764075215,62.878
447,get_process_mem,120896834,165884972049,62.9238
448,dry-schema,120256851,166005228900,62.9694
449,aws-sdk-rds,120083591,166125312491,63.015
450,declarative-option,120041420,166245353911,63.0605
451,debug,120040842,166365394753,63.106
452,stripe,119739284,166485134037,63.1515
453,aws-sdk-cloudfront,119411805,166604545842,63.1968
454,unicorn,118804315,166723350157,63.2418
455,bson,117847417,166841197574,63.2865
456,optparse,117817698,166959015272,63.3312
457,letter_opener,117801373,167076816645,63.3759
458,sentry-rails,117706519,167194523164,63.4206
459,dry-validation,117463313,167311986477,63.4651
460,ransack,116214444,167428200921,63.5092
461,artifactory,115903593,167544104514,63.5532
462,google-apis-playcustomapp_v1,115602731,167659707245,63.597
463,cork,115372734,167775079979,63.6408
464,tty-color,115259971,167890339950,63.6845
465,rubygems-bundler,115200886,168005540836,63.7282
466,claide-plugins,115012183,168120553019,63.7718
467,wisper,114908520,168235461539,63.8154
468,pastel,114783440,168350244979,63.8589
469,gitlab,114534328,168464779307,63.9024
470,eye,114478505,168579257812,63.9458
471,aws-sdk-states,114151163,168693408975,63.9891
472,roo,113397456,168806806431,64.0321
473,molinillo,113076984,168919883415,64.075
474,aws-sdk-cloudwatchevents,112919770,169032803185,64.1179
475,aws-sdk-codecommit,112719338,169145522523,64.1606
476,doorkeeper,112688272,169258210795,64.2034
477,dogapi,112574861,169370785656,64.2461
478,pdf-reader,112159332,169482944988,64.2886
479,sentry-raven,112105125,169595050113,64.3311
480,aws-sdk-autoscaling,111970074,169707020187,64.3736
481,aws-sdk-ecs,111591348,169818611535,64.4159
482,Ascii85,111458713,169930070248,64.4582
483,kostya-sigar,111412874,170041483122,64.5005
484,prettyprint,111338380,170152821502,64.5427
485,googleapis-common-protos,111060244,170263881746,64.5848
486,ansi,110937769,170374819515,64.6269
487,gli,110187368,170485006883,64.6687
488,premailer-rails,110170382,170595177265,64.7105
489,rack-timeout,109886581,170705063846,64.7522
490,cocoapods-downloader,109711113,170814774959,64.7938
491,nkf,109560921,170924335880,64.8354
492,systemu,109451816,171033787696,64.8769
493,capybara-screenshot,109248458,171143036154,64.9183
494,httpi,109083501,171252119655,64.9597
495,better_errors,108993204,171361112859,65.001
496,geocoder,108662063,171469774922,65.0423
497,erb,108522393,171578297315,65.0834
498,yajl-ruby,108358993,171686656308,65.1245
499,pundit,108312904,171794969212,65.1656
500,json-jwt,108295330,171903264542,65.2067
501,diffy,107426199,172010690741,65.2474
502,will_paginate,107125301,172117816042,65.2881
503,memory_profiler,106485380,172224301422,65.3285
504,ruby-macho,106454497,172330755919,65.3688
505,logging,106206047,172436961966,65.4091
506,powerpack,105832650,172542794616,65.4493
507,strscan,104893019,172647687635,65.4891
508,aasm,104333244,172752020879,65.5286
509,llhttp-ffi,104057733,172856078612,65.5681
510,bcrypt_pbkdf,103993257,172960071869,65.6076
511,aws-sdk-elasticloadbalancingv2,103967450,173064039319,65.647
512,little-plugger,103942794,173167982113,65.6864
513,turbolinks-source,103883826,173271865939,65.7258
514,mongo,103590417,173375456356,65.7651
515,fuzzy_match,103216278,173478672634,65.8043
516,wasabi,103176634,173581849268,65.8434
517,cucumber,103042690,173684891958,65.8825
518,rspec-its,102809692,173787701650,65.9215
519,aes_key_wrap,102779261,173890480911,65.9605
520,fluent-plugin-record-modifier,102736231,173993217142,65.9994
521,reverse_markdown,102429821,174095646963,66.0383
522,jsonapi-renderer,102106728,174197753691,66.077
523,prawn,101720203,174299473894,66.1156
524,cocoapods-trunk,101642627,174401116521,66.1542
525,unparser,101560283,174502676804,66.1927
526,akami,101525762,174604202566,66.2312
527,polyglot,101386389,174705588955,66.2697
528,hashery,101094195,174806683150,66.308
529,rails-deprecated_sanitizer,100912433,174907595583,66.3463
530,aws-sdk-cognitoidentityprovider,100535239,175008130822,66.3844
531,savon,100240333,175108371155,66.4225
532,rubocop-capybara,100211969,175208583124,66.4605
533,tomlrb,99923835,175308506959,66.4984
534,ddtrace,99543229,175408050188,66.5361
535,aws-sdk-athena,99504808,175507554996,66.5739
536,i18n_data,99315992,175606870988,66.6115
537,afm,99061675,175705932663,66.6491
538,aws-sdk-rekognition,98895163,175804827826,66.6866
539,ssrf_filter,98745580,175903573406,66.7241
540,uuidtools,98616988,176002190394,66.7615
541,aws-sdk-configservice,97721419,176099911813,66.7986
542,simple_form,97316530,176197228343,66.8355
543,escape,96950191,176294178534,66.8723
544,aws-sdk-apigateway,96842314,176391020848,66.909
545,aws-sdk-redshift,96780457,176487801305,66.9457
546,rubocop-factory_bot,96617906,176584419211,66.9823
547,cocoapods-deintegrate,96557944,176680977155,67.019
548,aws-sdk-glue,96555981,176777533136,67.0556
549,pdf-core,96537147,176874070283,67.0922
550,aws-sdk-elasticache,96316595,176970386878,67.1288
551,mocha,96109848,177066496726,67.1652
552,test-unit,95811984,177162308710,67.2016
553,webpacker,95572983,177257881693,67.2378
554,algoliasearch,95502045,177353383738,67.274
555,term-ansicolor,95447870,177448831608,67.3102
556,sidekiq-cron,95335717,177544167325,67.3464
557,commonmarker,95287259,177639454584,67.3825
558,cocoapods-try,95223751,177734678335,67.4187
559,jsonpath,95100987,177829779322,67.4547
560,fourflusher,94947582,177924726904,67.4908
561,docker-api,94905652,178019632556,67.5268
562,aws-sdk-elasticsearchservice,94761282,178114393838,67.5627
563,flipper,94515638,178208909476,67.5986
564,activemodel-serializers-xml,94445524,178303355000,67.6344
565,sshkit,94442477,178397797477,67.6702
566,cocoapods-search,94355818,178492153295,67.706
567,aws-sdk-batch,94256567,178586409862,67.7417
568,aws-sdk-pinpoint,94221978,178680631840,67.7775
569,aws-sdk-acm,94158768,178774790608,67.8132
570,treetop,94151826,178868942434,67.8489
571,aws-sdk-cloudtrail,94141953,178963084387,67.8846
572,case_transform,94093203,179057177590,67.9203
573,cancancan,94085944,179151263534,67.956
574,aws-sdk-mediaconvert,93989066,179245252600,67.9917
575,redis-activesupport,93945891,179339198491,68.0273
576,aws-sdk-organizations,93940263,179433138754,68.0629
577,no_proxy_fix,93851592,179526990346,68.0985
578,graphql-client,93695224,179620685570,68.1341
579,openssl,93606365,179714291935,68.1696
580,aws-sdk-emr,93439795,179807731730,68.205
581,mixlib-shellout,93294364,179901026094,68.2404
582,aws-sdk-codedeploy,93173624,179994199718,68.2758
583,aws-sdk-xray,93133725,180087333443,68.3111
584,aws-sdk-databasemigrationservice,93068705,180180402148,68.3464
585,cocoapods-plugins,92940954,180273343102,68.3816
586,aws-sdk-efs,92907435,180366250537,68.4169
587,aws-sdk-sagemaker,92893644,180459144181,68.4521
588,aws-sdk-dynamodbstreams,92872622,180552016803,68.4873
589,aws-sdk-applicationautoscaling,92852922,180644869725,68.5226
590,require_all,92808868,180737678593,68.5578
591,fluent-plugin-elasticsearch,92386518,180830065111,68.5928
592,aws-sdk-codebuild,92371087,180922436198,68.6279
593,aws-sdk-elasticbeanstalk,92189231,181014625429,68.6628
594,multi_test,92082097,181106707526,68.6978
595,sixarm_ruby_unaccent,91953293,181198660819,68.7326
596,rubyntlm,91873635,181290534454,68.7675
597,aws-sdk-iot,91796329,181382330783,68.8023
598,aws-sdk-cloudhsmv2,91584186,181473914969,68.837
599,aws-sdk-codepipeline,91505720,181565420689,68.8718
600,aws-sdk-servicecatalog,91497017,181656917706,68.9065
601,ruby-prof,91485801,181748403507,68.9412
602,aws-sdk-polly,90957368,181839360875,68.9757
603,jquery-ui-rails,90846309,181930207184,69.0101
604,aws-sdk-cognitoidentity,90779466,182020986650,69.0446
605,aws-sdk-lightsail,90591286,182111577936,69.0789
606,aws-sdk-budgets,90518271,182202096207,69.1133
607,aws-sdk-route53domains,90492227,182292588434,69.1476
608,aws-sdk-workspaces,90460392,182383048826,69.1819
609,aws-sdk-waf,90438076,182473486902,69.2162
610,slack-ruby-client,90420709,182563907611,69.2505
611,activeresource,90315860,182654223471,69.2848
612,recaptcha,89959761,182744183232,69.3189
613,fog-google,89929168,182834112400,69.353
614,rugged,89917034,182924029434,69.3871
615,aws-sdk-costandusagereportservice,89862706,183013892140,69.4212
616,tty-reader,89753698,183103645838,69.4552
617,aws-sdk-shield,89719558,183193365396,69.4893
618,tty-prompt,89703066,183283068462,69.5233
619,capistrano,89545172,183372613634,69.5573
620,ice_cube,89503525,183462117159,69.5912
621,aws-sdk-cloudhsm,89334246,183551451405,69.6251
622,aws-sdk-applicationdiscoveryservice,89268937,183640720342,69.659
623,slim,89213662,183729934004,69.6928
624,annotate,89184163,183819118167,69.7266
625,aws-sdk-guardduty,89085417,183908203584,69.7604
626,aws-sdk-comprehend,89020888,183997224472,69.7942
627,aws-sdk-directconnect,88903739,184086128211,69.8279
628,aws-sdk-directoryservice,88872366,184175000577,69.8616
629,aws-sdk-gamelift,88841331,184263841908,69.8953
630,aws-sdk-storagegateway,88812112,184352654020,69.929
631,aws-sdk-appstream,88671403,184441325423,69.9626
632,aws-sdk-resourcegroupstaggingapi,88583504,184529908927,69.9962
633,aws-sdk-devicefarm,88576225,184618485152,70.0298
634,aws-sdk-cloudsearch,88576219,184707061371,70.0634
635,aws-sdk-costexplorer,88382341,184795443712,70.097
636,aws-sdk-sagemakerruntime,88367618,184883811330,70.1305
637,benchmark-ips,88343598,184972154928,70.164
638,fog-local,88282795,185060437723,70.1975
639,aws-sdk-opsworks,88242995,185148680718,70.231
640,aws-sdk-sms,88181770,185236862488,70.2644
641,aws-sdk-medialive,88121434,185324983922,70.2978
642,aws-sdk-lex,87993793,185412977715,70.3312
643,aws-sdk-glacier,87896509,185500874224,70.3646
644,aws-sdk-transcribeservice,87894623,185588768847,70.3979
645,aws-sdk-dax,87879390,185676648237,70.4312
646,aws-sdk-simpledb,87831588,185764479825,70.4645
647,cucumber-core,87809920,185852289745,70.4979
648,aws-sdk-greengrass,87802066,185940091811,70.5312
649,aws-sdk-marketplacemetering,87789385,186027881196,70.5645
650,aws-sdk-health,87755603,186115636799,70.5977
651,aws-sdk-lexmodelbuildingservice,87706255,186203343054,70.631
652,aws-sdk-iotdataplane,87634434,186290977488,70.6643
653,aws-sdk-snowball,87630642,186378608130,70.6975
654,aws-sdk-swf,87469395,186466077525,70.7307
655,aws-sdk-migrationhub,87425859,186553503384,70.7638
656,net-ldap,87287792,186640791176,70.797
657,aws-sdk-elastictranscoder,87240616,186728031792,70.83
658,aws-sdk-machinelearning,87223811,186815255603,70.8631
659,aws-sdk-cloudsearchdomain,87168105,186902423708,70.8962
660,hike,87054822,186989478530,70.9292
661,aws-sdk-marketplacecommerceanalytics,86937137,187076415667,70.9622
662,aws-sdk-wafregional,86885651,187163301318,70.9952
663,aws-sdk-inspector,86878479,187250179797,71.0281
664,aws-sdk-translate,86858793,187337038590,71.0611
665,aws-sdk-support,86820663,187423859253,71.094
666,aws-sdk-workdocs,86789025,187510648278,71.1269
667,aws-sdk-mturk,86749187,187597397465,71.1598
668,validate_url,86746426,187684143891,71.1927
669,aws-sdk-eks,86706730,187770850621,71.2256
670,aws-sdk-clouddirectory,86699826,187857550447,71.2585
671,aws-sdk-marketplaceentitlementservice,86614756,187944165203,71.2913
672,aws-sdk-kinesisanalytics,86544026,188030709229,71.3242
673,aws-sdk-datapipeline,86527210,188117236439,71.357
674,aws-sdk-cognitosync,86489318,188203725757,71.3898
675,aws-sdk-appsync,86379362,188290105119,71.4226
676,aws-sdk-connect,86364734,188376469853,71.4553
677,aws-sdk-importexport,86308953,188462778806,71.4881
678,aws-sdk-mq,86238562,188549017368,71.5208
679,redis-rails,86068983,188635086351,71.5534
680,aws-sdk-mediapackage,86024648,188721110999,71.5861
681,aws-sdk-opsworkscm,85974387,188807085386,71.6187
682,spring-watcher-listen,85745154,188892830540,71.6512
683,webdrivers,85634927,188978465467,71.6837
684,ruby-kafka,85407893,189063873360,71.7161
685,ruby-ole,85328544,189149201904,71.7484
686,hiredis,85210762,189234412666,71.7808
687,grape,85170897,189319583563,71.8131
688,aws-sdk-kinesisvideo,85086411,189404669974,71.8454
689,aws-sdk-servicediscovery,85001452,189489671426,71.8776
690,aws-sdk-pricing,84959296,189574630722,71.9098
691,wicked_pdf,84928223,189659558945,71.942
692,rack-mini-profiler,84922099,189744481044,71.9742
693,aws-sdk-resourcegroups,84828844,189829309888,72.0064
694,power_assert,84747615,189914057503,72.0386
695,aws-sdk-workmail,84682777,189998740280,72.0707
696,aws-sdk-mediastore,84434184,190083174464,72.1027
697,aws-sdk-kinesisvideoarchivedmedia,84343778,190167518242,72.1347
698,aws-sdk-serverlessapplicationrepository,84207389,190251725631,72.1667
699,aws-sdk-cloud9,84085278,190335810909,72.1986
700,libddwaf,84028375,190419839284,72.2304
701,sentry-sidekiq,83938361,190503777645,72.2623
702,rqrcode_core,83608061,190587385706,72.294
703,aws-sdk-acmpca,83487185,190670872891,72.3256
704,aws-sdk-iotjobsdataplane,83376549,190754249440,72.3573
705,aws-sdk-mediastoredata,83375100,190837624540,72.3889
706,aws-sdk-kinesisvideomedia,83363831,190920988371,72.4205
707,attr_required,83200298,191004188669,72.4521
708,rack-accept,83041035,191087229704,72.4836
709,aws-sdk-autoscalingplans,82963825,191170193529,72.5151
710,rack-oauth2,82824138,191253017667,72.5465
711,turbo-rails,82771755,191335789422,72.5779
712,parslet,82706104,191418495526,72.6092
713,aws-sdk-fms,81995864,191500491390,72.6403
714,spreadsheet,81894895,191582386285,72.6714
715,strong_migrations,81833777,191664220062,72.7024
716,paranoia,81811482,191746031544,72.7335
717,paperclip,81311926,191827343470,72.7643
718,whenever,81245970,191908589440,72.7951
719,libdatadog,81061225,191989650665,72.8259
720,libv8,81013999,192070664664,72.8566
721,sdoc,80753437,192151418101,72.8873
722,logstash-filter-translate,80701880,192232119981,72.9179
723,test-prof,80433149,192312553130,72.9484
724,numerizer,80419759,192392972889,72.9789
725,mustache,80211828,192473184717,73.0093
726,aws-sdk-neptune,80107269,192553291986,73.0397
727,icalendar,79997886,192633289872,73.07
728,aws-sdk-lambdapreview,79997063,192713286935,73.1004
729,logstash-output-sqs,79952762,192793239697,73.1307
730,aws-sdk-codestar,79651056,192872890753,73.1609
731,attr_encrypted,79563395,192952454148,73.1911
732,aws-sdk-mediatailor,79524789,193031978937,73.2213
733,aws-sdk-iotanalytics,78870849,193110849786,73.2512
734,aws-sdk-pi,78856825,193189706611,73.2811
735,aws-sdk-alexaforbusiness,78820288,193268526899,73.311
736,socksify,78804071,193347330970,73.3409
737,aws-sdk-dlm,78740078,193426071048,73.3708
738,rspec-parameterized,78710268,193504781316,73.4006
739,aws-sdk-mobile,78584515,193583365831,73.4304
740,gapic-common,78427199,193661793030,73.4602
741,proc_to_ast,78388290,193740181320,73.4899
742,amq-protocol,78295830,193818477150,73.5196
743,phonelib,78061303,193896538453,73.5492
744,hana,78047224,193974585677,73.5788
745,dry-equalizer,77630489,194052216166,73.6083
746,ruby_dep,77371070,194129587236,73.6376
747,aws-sdk-kafka,77249376,194206836612,73.6669
748,aws-sdk-s3control,77189232,194284025844,73.6962
749,cgi,77149042,194361174886,73.7255
750,aws-sdk-transfer,77123508,194438298394,73.7547
751,aws-sigv2,77116753,194515415147,73.784
752,bunny,76951212,194592366359,73.8132
753,elasticsearch-model,76753123,194669119482,73.8423
754,aws-sdk-quicksight,76626835,194745746317,73.8713
755,json_schemer,76621999,194822368316,73.9004
756,bootstrap-sass,76564687,194898933003,73.9294
757,openid_connect,76472108,194975405111,73.9585
758,rollbar,76096363,195051501474,73.9873
759,terrapin,75862411,195127363885,74.0161
760,aws-sdk-securityhub,75841178,195203205063,74.0449
761,mustermann-grape,75721287,195278926350,74.0736
762,macaddr,75516064,195354442414,74.1022
763,toml-rb,75179353,195429621767,74.1307
764,ohai,75045172,195504666939,74.1592
765,aws-sdk-signer,75038934,195579705873,74.1877
766,grpc-google-iam-v1,74830161,195654536034,74.2161
767,aws-sdk-route53resolver,74627850,195729163884,74.2444
768,opentelemetry-api,74593910,195803757794,74.2727
769,fluent-plugin-rewrite-tag-filter,74541051,195878298845,74.3009
770,mixlib-cli,74320309,195952619154,74.3291
771,aws-sdk-ram,74220153,196026839307,74.3573
772,rbs,74176985,196101016292,74.3854
773,aws-sdk-chime,73965509,196174981801,74.4135
774,omniauth-rails_csrf_protection,73954028,196248935829,74.4415
775,citrus,73847666,196322783495,74.4695
776,sequel,73482075,196396265570,74.4974
777,email_spec,73335519,196469601089,74.5252
778,swd,73204399,196542805488,74.553
779,acts_as_list,73155808,196615961296,74.5808
780,strings-ansi,73122793,196689084089,74.6085
781,ffaker,73073447,196762157536,74.6362
782,aws-sdk-iot1clickprojects,73040201,196835197737,74.6639
783,marginalia,73034976,196908232713,74.6916
784,aws-sdk-iot1clickdevicesservice,73030682,196981263395,74.7193
785,webfinger,73026028,197054289423,74.747
786,aws-sdk-datasync,72754246,197127043669,74.7746
787,aws-sdk-fsx,72581083,197199624752,74.8021
788,sorbet-static,72577817,197272202569,74.8297
789,aws-sdk-amplify,72556936,197344759505,74.8572
790,aws-sdk-rdsdataservice,72485930,197417245435,74.8847
791,monetize,72414878,197489660313,74.9122
792,uuid,72370513,197562030826,74.9396
793,simpleidn,72335987,197634366813,74.9671
794,fuubar,72322619,197706689432,74.9945
795,arr-pm,72030322,197778719754,75.0218
796,aws-sdk-apigatewayv2,71865018,197850584772,75.0491
797,rbtrace,71632493,197922217265,75.0762
798,factory_girl,71623438,197993840703,75.1034
799,json_pure,71261315,198065102018,75.1304
800,faraday-follow_redirects,71141159,198136243177,75.1574
801,aws-sdk-appmesh,71129712,198207372889,75.1844
802,aws-sdk-globalaccelerator,71016780,198278389669,75.2113
803,ruby-graphviz,70898543,198349288212,75.2382
804,wkhtmltopdf-binary,70787593,198420075805,75.2651
805,mixlib-config,70681659,198490757464,75.2919
806,fast_gettext,70536467,198561293931,75.3187
807,recursive-open-struct,70502754,198631796685,75.3454
808,aws-sdk-pinpointemail,70430894,198702227579,75.3721
809,aws-sdk-pinpointsmsvoice,70427192,198772654771,75.3988
810,has_scope,70378515,198843033286,75.4255
811,aws-sdk-licensemanager,70251982,198913285268,75.4522
812,aws-sdk-mediaconnect,70194795,198983480063,75.4788
813,aws-sdk-kinesisanalyticsv2,70165722,199053645785,75.5054
814,aws-sdk-comprehendmedical,70110696,199123756481,75.532
815,aws-sdk-textract,70051659,199193808140,75.5586
816,strings,70014761,199263822901,75.5851
817,lru_redux,69988490,199333811391,75.6117
818,acts-as-taggable-on,69952722,199403764113,75.6382
819,rbtree,69778218,199473542331,75.6647
820,stimulus-rails,69385001,199542927332,75.691
821,aws-sdk-backup,69289020,199612216352,75.7173
822,aws-sdk-docdb,69025645,199681241997,75.7435
823,pg_query,68739226,199749981223,75.7696
824,aws-sdk-robomaker,68714453,199818695676,75.7956
825,tsort,68635814,199887331490,75.8217
826,simplecov-cobertura,68602542,199955934032,75.8477
827,flipper-active_record,68529182,200024463214,75.8737
828,state_machines-activemodel,68518731,200092981945,75.8997
829,sigdump,68264318,200161246263,75.9256
830,aws-sdk-apigatewaymanagementapi,67912594,200229158857,75.9513
831,warning,67652839,200296811696,75.977
832,omniauth-facebook,67336625,200364148321,76.0025
833,sync,67169477,200431317798,76.028
834,elasticsearch-rails,66940811,200498258609,76.0534
835,bugsnag,66683134,200564941743,76.0787
836,state_machines-activerecord,66429894,200631371637,76.1039
837,delayed_job,66363805,200697735442,76.1291
838,fluent-config-regexp-type,66340368,200764075810,76.1542
839,gherkin,66288369,200830364179,76.1794
840,prometheus-client,66133136,200896497315,76.2045
841,charlock_holmes,66126588,200962623903,76.2295
842,mixlib-log,66114446,201028738349,76.2546
843,aws-sdk-sesv2,66029219,201094767568,76.2797
844,aws-sdk-macie,66006990,201160774558,76.3047
845,mini_portile,65690932,201226465490,76.3296
846,omniauth-saml,65429417,201291894907,76.3544
847,thrift,65402518,201357297425,76.3792
848,text,65399084,201422696509,76.4041
849,locale,65261186,201487957695,76.4288
850,aws-sdk-eventbridge,65224671,201553182366,76.4535
851,sys-filesystem,64748449,201617930815,76.4781
852,gon,64743555,201682674370,76.5027
853,semantic_range,64697008,201747371378,76.5272
854,trollop,64619327,201811990705,76.5517
855,terser,64439997,201876430702,76.5762
856,aws-sdk-transcribestreamingservice,64377207,201940807909,76.6006
857,jira-ruby,64141395,202004949304,76.6249
858,font-awesome-rails,63741607,202068690911,76.6491
859,fluentd,63672749,202132363660,76.6732
860,with_env,63409837,202195773497,76.6973
861,fast_blank,63144701,202258918198,76.7212
862,formtastic,63099112,202322017310,76.7452
863,logstash-output-statsd,63052402,202385069712,76.7691
864,graphiql-rails,63029674,202448099386,76.793
865,grape-entity,62870657,202510970043,76.8169
866,hitimes,62869921,202573839964,76.8407
867,escape_utils,62601894,202636441858,76.8645
868,aws-sdk-personalize,62519902,202698961760,76.8882
869,device_detector,62514683,202761476443,76.9119
870,rack-cache,62509857,202823986300,76.9356
871,fog-aliyun,62459806,202886446106,76.9593
872,aws-sdk-mediapackagevod,61968789,202948414895,76.9828
873,aws-sdk-managedblockchain,61859505,203010274400,77.0063
874,view_component,61832667,203072107067,77.0297
875,opentracing,61740831,203133847898,77.0531
876,aws-sdk-personalizeruntime,61508681,203195356579,77.0765
877,gettext,61275444,203256632023,77.0997
878,sorted_set,61271284,203317903307,77.1229
879,draper,61122748,203379026055,77.1461
880,sendgrid-ruby,60935050,203439961105,77.1692
881,aws-sdk-ioteventsdata,60624512,203500585617,77.1922
882,em-websocket,60568842,203561154459,77.2152
883,aws-sdk-iotevents,60520761,203621675220,77.2382
884,aws-sdk-groundstation,60377942,203682053162,77.2611
885,devise-two-factor,60325470,203742378632,77.284
886,aws-sdk-iotthingsgraph,60237680,203802616312,77.3068
887,aws-sdk-v1,60071946,203862688258,77.3296
888,aws-sdk-worklink,59923660,203922611918,77.3523
889,delayed_job_active_record,59910479,203982522397,77.3751
890,dry-struct,59871943,204042394340,77.3978
891,aws-sdk-ec2instanceconnect,59866001,204102260341,77.4205
892,opentelemetry-sdk,59862388,204162122729,77.4432
893,aws-sdk-personalizeevents,59827895,204221950624,77.4659
894,memoizable,59783055,204281733679,77.4885
895,aws-sdk-applicationinsights,59763543,204341497222,77.5112
896,fog,59588804,204401086026,77.5338
897,therubyracer,59504534,204460590560,77.5564
898,vault,59081903,204519672463,77.5788
899,gemoji,59017387,204578689850,77.6012
900,aws-sdk-forecastservice,58952791,204637642641,77.6236
901,ruby_http_client,58901388,204696544029,77.6459
902,murmurhash3,58873013,204755417042,77.6682
903,friendly_id,58759564,204814176606,77.6905
904,inherited_resources,58443616,204872620222,77.7127
905,opentelemetry-common,58405042,204931025264,77.7348
906,rspec-sidekiq,58398753,204989424017,77.757
907,net-ssh-gateway,58358618,205047782635,77.7791
908,aws-sdk-servicequotas,58117862,205105900497,77.8012
909,haml-rails,58116091,205164016588,77.8232
910,gssapi,57983079,205221999667,77.8452
911,importmap-rails,57976564,205279976231,77.8672
912,health_check,57941419,205337917650,77.8892
913,aws-sdk-lakeformation,57907747,205395825397,77.9111
914,licensee,57727936,205453553333,77.933
915,tty-command,57575457,205511128790,77.9549
916,license_finder,57478865,205568607655,77.9767
917,combine_pdf,57240986,205625848641,77.9984
918,gpgme,57229271,205683077912,78.0201
919,config,57170259,205740248171,78.0418
920,restforce,57124293,205797372464,78.0635
921,rinku,56950380,205854322844,78.0851
922,aws-sdk-forecastqueryservice,56854894,205911177738,78.1066
923,minitar,56853503,205968031241,78.1282
924,aws-sdk-appconfig,56851101,206024882342,78.1498
925,chef-utils,56719421,206081601763,78.1713
926,rmagick,56210915,206137812678,78.1926
927,ffi-yajl,56130076,206193942754,78.2139
928,opentelemetry-semantic_conventions,56117040,206250059794,78.2352
929,chef-config,56094767,206306154561,78.2565
930,aws-sdk-wafv2,56035518,206362190079,78.2777
931,cucumber-wire,55903943,206418094022,78.2989
932,einhorn,55866731,206473960753,78.3201
933,opensearch-ruby,55840772,206529801525,78.3413
934,ref,55816548,206585618073,78.3625
935,asciidoctor,55631931,206641250004,78.3836
936,prawn-table,55340105,206696590109,78.4046
937,aws-sdk-workmailmessageflow,55300688,206751890797,78.4255
938,aws-sdk-networkmanager,55202119,206807092916,78.4465
939,aws-sdk-kendra,54968962,206862061878,78.4673
940,clamp,54934133,206916996011,78.4882
941,fluent-plugin-grafana-loki,54851049,206971847060,78.509
942,http-parser,54755448,207026602508,78.5297
943,aws-sdk-accessanalyzer,54660041,207081262549,78.5505
944,gems,54615975,207135878524,78.5712
945,libyajl2,54577199,207190455723,78.5919
946,babel-source,54543826,207244999549,78.6126
947,aws-sdk-qldbsession,54457069,207299456618,78.6332
948,aws-sdk-marketplacecatalog,54367895,207353824513,78.6539
949,money-rails,54305725,207408130238,78.6745
950,aws-sdk-qldb,54297755,207462427993,78.6951
951,minitest-reporters,54282745,207516710738,78.7156
952,sys-uname,54253864,207570964602,78.7362
953,resque,54233339,207625197941,78.7568
954,mock_redis,54233331,207679431272,78.7774
955,aws-sdk-frauddetector,54202334,207733633606,78.7979
956,sorbet,54131073,207787764679,78.8185
957,factory_girl_rails,53987055,207841751734,78.8389
958,fastlane-plugin-firebase_app_distribution,53986530,207895738264,78.8594
959,validate_email,53912664,207949650928,78.8799
960,aws-sdk-codestarnotifications,53904432,208003555360,78.9003
961,arbre,53837170,208057392530,78.9207
962,wmi-lite,53811100,208111203630,78.9412
963,fluent-plugin-ignore-filter,53772292,208164975922,78.9615
964,aws-sdk-outposts,53756842,208218732764,78.9819
965,aws-sdk-savingsplans,53633647,208272366411,79.0023
966,babel-transpiler,53483099,208325849510,79.0226
967,rb-readline,53457270,208379306780,79.0428
968,mono_logger,53368591,208432675371,79.0631
969,capistrano-bundler,53350980,208486026351,79.0833
970,derailed_benchmarks,53333006,208539359357,79.1036
971,aws-sdk-dataexchange,53200820,208592560177,79.1237
972,rspec-collection_matchers,53170144,208645730321,79.1439
973,atlassian-jwt,53082585,208698812906,79.164
974,aws-sdk-detective,53028459,208751841365,79.1842
975,aws-sdk-computeoptimizer,53024597,208804865962,79.2043
976,html-pipeline,52966671,208857832633,79.2244
977,aws-sdk-imagebuilder,52902117,208910734750,79.2444
978,fuzzyurl,52876223,208963610973,79.2645
979,aws-sdk-codegurureviewer,52831654,209016442627,79.2845
980,aws-sdk-augmentedairuntime,52771390,209069214017,79.3045
981,aws-sdk-connectparticipant,52475675,209121689692,79.3244
982,opentelemetry-registry,52280907,209173970599,79.3443
983,async,52166088,209226136687,79.3641
984,aws-sdk-iotsecuretunneling,52107065,209278243752,79.3838
985,aws-sdk-migrationhubconfig,52087300,209330331052,79.4036
986,aws-sdk-ebs,52040105,209382371157,79.4233
987,aws-sdk-codeguruprofiler,52013781,209434384938,79.4431
988,omniauth-github,51943692,209486328630,79.4628
989,aws-sdk-schemas,51902584,209538231214,79.4825
990,caxlsx,51830860,209590062074,79.5021
991,heapy,51786813,209641848887,79.5218
992,shoulda-context,51780888,209693629775,79.5414
993,debase,51766149,209745395924,79.561
994,aws-sdk-kinesisvideosignalingchannels,51647551,209797043475,79.5806
995,timeliness,51621441,209848664916,79.6002
996,console,51550072,209900214988,79.6198
997,gitlab-labkit,51497169,209951712157,79.6393
998,aws-sdk-codestarconnections,51492725,210003204882,79.6588
999,fluent-plugin-kinesis-aggregation,51337361,210054542243,79.6783
1000,activerecord-session_store,51106768,210105649011,79.6977
1001,set,51093257,210156742268,79.7171
1002,rswag-ui,50933170,210207675438,79.7364
1003,fluent-plugin-prometheus,50876742,210258552180,79.7557
1004,fpm,50784368,210309336548,79.775
1005,facter,50736887,210360073435,79.7942
1006,base32,50717458,210410790893,79.8134
1007,pg_search,50647040,210461437933,79.8326
1008,kubeclient,50615915,210512053848,79.8518
1009,gitlab-markup,50590619,210562644467,79.871
1010,seed-fu,50561679,210613206146,79.8902
1011,RedCloth,50495579,210663701725,79.9094
1012,rubocop-rspec_rails,50486219,210714187944,79.9285
1013,haml_lint,50457175,210764645119,79.9477
1014,activeadmin,50373324,210815018443,79.9668
1015,airbrussh,50336248,210865354691,79.9859
1016,table_print,50331418,210915686109,80.005
1017,standard,50306918,210965993027,80.024
1018,better_html,50271916,211016264943,80.0431
1019,e2mmap,50223693,211066488636,80.0622
1020,rswag-api,50181643,211116670279,80.0812
1021,smart_properties,50174436,211166844715,80.1002
1022,airbrake,50118429,211216963144,80.1192
1023,uri_template,49981842,211266944986,80.1382
1024,simplecov-lcov,49962290,211316907276,80.1571
1025,letter_opener_web,49947718,211366854994,80.1761
1026,pry-stack_explorer,49892399,211416747393,80.195
1027,aws-sdk-synthetics,49837839,211466585232,80.2139
1028,formtastic_i18n,49812851,211516398083,80.2328
1029,aws-sdk-iotsitewise,49757091,211566155174,80.2517
1030,ruby-statistics,49674943,211615830117,80.2705
1031,jaeger-client,49666168,211665496285,80.2894
1032,aws-sdk-macie2,49634953,211715131238,80.3082
1033,fog-brightbox,49495683,211764626921,80.327
1034,flipper-active_support_cache_store,49361937,211813988858,80.3457
1035,apollo_upload_server,49060169,211863049027,80.3643
1036,specinfra,48885745,211911934772,80.3829
1037,cucumber-messages,48757028,211960691800,80.4013
1038,semantic,48681023,212009372823,80.4198
1039,mongoid,48550445,212057923268,80.4382
1040,rswag-specs,48527405,212106450673,80.4566
1041,grpc-tools,48454533,212154905206,80.475
1042,sidekiq-unique-jobs,48290073,212203195279,80.4933
1043,opentelemetry-exporter-otlp,48214460,212251409739,80.5116
1044,aws-sdk-codeartifact,48206532,212299616271,80.5299
1045,choice,48165997,212347782268,80.5482
1046,fiber-local,48026019,212395808287,80.5664
1047,lockbox,47935844,212443744131,80.5846
1048,cocaine,47802273,212491546404,80.6027
1049,compass,47796239,212539342643,80.6208
1050,rspec-parameterized-core,47744878,212587087521,80.639
1051,sysexits,47714514,212634802035,80.6571
1052,omniauth-oauth,47673818,212682475853,80.6751
1053,select2-rails,47459180,212729935033,80.6931
1054,hamlit,47430846,212777365879,80.7111
1055,cucumber-gherkin,47424327,212824790206,80.7291
1056,aws-sdk-elasticinference,47250118,212872040324,80.747
1057,cliver,47238768,212919279092,80.765
1058,rspec-parameterized-table_syntax,47193805,212966472897,80.7829
1059,snowplow-tracker,47132708,213013605605,80.8007
1060,rails-erd,47120539,213060726144,80.8186
1061,opentelemetry-instrumentation-base,47104130,213107830274,80.8365
1062,redlock,46978047,213154808321,80.8543
1063,rubyXL,46972486,213201780807,80.8721
1064,google-cloud-pubsub,46945064,213248725871,80.8899
1065,shoulda,46939912,213295665783,80.9077
1066,nokogumbo,46873771,213342539554,80.9255
1067,grape_logging,46862603,213389402157,80.9433
1068,fiber-storage,46769224,213436171381,80.961
1069,omniauth-auth0,46723831,213482895212,80.9788
1070,aws-sdk-ivs,46562729,213529457941,80.9964
1071,valid_email,46529633,213575987574,81.0141
1072,fog-softlayer,46520586,213622508160,81.0317
1073,opentelemetry-instrumentation-rack,46310551,213668818711,81.0493
1074,batch-loader,46309452,213715128163,81.0668
1075,deprecation_toolkit,46280193,213761408356,81.0844
1076,serverspec,46271431,213807679787,81.1019
1077,slim-rails,46223446,213853903233,81.1195
1078,ecma-re-validator,46123265,213900026498,81.137
1079,sidekiq-scheduler,46010005,213946036503,81.1544
1080,dpl,46009408,213992045911,81.1719
1081,holidays,45998862,214038044773,81.1893
1082,down,45755152,214083799925,81.2067
1083,ruby-openai,45712883,214129512808,81.224
1084,grape-swagger,45604150,214175116958,81.2413
1085,faye-websocket,45558730,214220675688,81.2586
1086,train-core,45549567,214266225255,81.2759
1087,logstash-event,45377041,214311602296,81.2931
1088,executable-hooks,45287716,214356890012,81.3103
1089,aws-sdk-appflow,45092842,214401982854,81.3274
1090,gettext_i18n_rails,45058781,214447041635,81.3445
1091,aws-sdk-locationservice,45058539,214492100174,81.3616
1092,zendesk_api,44970940,214537071114,81.3786
1093,fog-profitbricks,44934092,214582005206,81.3957
1094,aws-sdk-redshiftdataapiservice,44702321,214626707527,81.4126
1095,mini_histogram,44652027,214671359554,81.4296
1096,aws-sdk-networkfirewall,44578406,214715937960,81.4465
1097,pusher,44551759,214760489719,81.4634
1098,aws-sdk-identitystore,44502322,214804992041,81.4803
1099,fog-sakuracloud,44410773,214849402814,81.4971
1100,chronic_duration,44340153,214893742967,81.5139
1101,analytics-ruby,44288660,214938031627,81.5307
1102,gitaly,44234667,214982266294,81.5475
1103,inflection,44210334,215026476628,81.5643
1104,rubocop-graphql,44184482,215070661110,81.581
1105,fog-radosgw,44172378,215114833488,81.5978
1106,google-gax,44132721,215158966209,81.6145
1107,google-logging-utils,44093112,215203059321,81.6312
1108,doorkeeper-openid_connect,44071698,215247131019,81.648
1109,aws-sdk-braket,44047459,215291178478,81.6647
1110,fission,44041581,215335220059,81.6814
1111,aws-sdk-ssoadmin,43985770,215379205829,81.6981
1112,scenic,43963163,215423168992,81.7147
1113,opentelemetry-instrumentation-action_pack,43947338,215467116330,81.7314
1114,fog-openstack,43909856,215511026186,81.7481
1115,rly,43868222,215554894408,81.7647
1116,iniparse,43862444,215598756852,81.7813
1117,sitemap_generator,43833506,215642590358,81.798
1118,prometheus-client-mmap,43735857,215686326215,81.8146
1119,danger-gitlab,43641735,215729967950,81.8311
1120,vegas,43589716,215773557666,81.8476
1121,cucumber-tag-expressions,43580251,215817137917,81.8642
1122,pry-doc,43466390,215860604307,81.8807
1123,fog-vmfusion,43432817,215904037124,81.8971
1124,cucumber-cucumber-expressions,43412795,215947449919,81.9136
1125,fog-terremark,43407014,215990856933,81.9301
1126,cucumber-html-formatter,43385019,216034241952,81.9465
1127,fog-voxel,43376680,216077618632,81.963
1128,simple_po_parser,43145521,216120764153,81.9794
1129,fluent-plugin-kafka,43119485,216163883638,81.9957
1130,fog-ecloud,43103610,216206987248,82.0121
1131,invisible_captcha,43103301,216250090549,82.0284
1132,cookiejar,42993783,216293084332,82.0447
1133,jekyll,42951998,216336036330,82.061
1134,rubocop-rake,42937937,216378974267,82.0773
1135,acme-client,42936498,216421910765,82.0936
1136,fog-storm_on_demand,42911893,216464822658,82.1099
1137,user_agent_parser,42831830,216507654488,82.1261
1138,serverengine,42553994,216550208482,82.1422
1139,simple_oauth,42542136,216592750618,82.1584
1140,devise_invitable,42539583,216635290201,82.1745
1141,pagy,42531318,216677821519,82.1907
1142,aws-sdk-timestreamquery,42331263,216720152782,82.2067
1143,aws-sdk-timestreamwrite,42314682,216762467464,82.2228
1144,fog-atmos,42272966,216804740430,82.2388
1145,chartkick,42269190,216847009620,82.2548
1146,watir,42255548,216889265168,82.2709
1147,net-telnet,42225887,216931491055,82.2869
1148,elastic-transport,42216228,216973707283,82.3029
1149,opentelemetry-instrumentation-sidekiq,42208013,217015915296,82.3189
1150,fog-serverlove,42172951,217058088247,82.3349
1151,aws-sdk-s3outposts,42130257,217100218504,82.3509
1152,danger-plugin-api,42112362,217142330866,82.3669
1153,aws-sdk-auditmanager,42100725,217184431591,82.3828
1154,aws-sdk-ecrpublic,42065259,217226496850,82.3988
1155,rack-contrib,42062050,217268558900,82.4147
1156,aws-sdk-devopsguru,42060264,217310619164,82.4307
1157,aws-sdk-appregistry,41933838,217352553002,82.4466
1158,aws-sdk-iotwireless,41799059,217394352061,82.4625
1159,akismet,41699831,217436051892,82.4783
1160,aws-sdk-prometheusservice,41646577,217477698469,82.4941
1161,cbor,41638751,217519337220,82.5099
1162,mechanize,41634486,217560971706,82.5257
1163,opentelemetry-instrumentation-active_record,41537517,217602509223,82.5414
1164,gitlab-styles,41490759,217643999982,82.5571
1165,retryable,41472536,217685472518,82.5729
1166,aws-sdk-greengrassv2,41453654,217726926172,82.5886
1167,aws-sdk-customerprofiles,41359314,217768285486,82.6043
1168,sfl,41357421,217809642907,82.62
1169,fog-riakcs,41292117,217850935024,82.6356
1170,js_regex,41258326,217892193350,82.6513
1171,google-apis-generator,41224455,217933417805,82.6669
1172,aws-sdk-mwaa,41183487,217974601292,82.6826
1173,curb,41174682,218015775974,82.6982
1174,aws-sdk-gluedatabrew,41142103,218056918077,82.7138
1175,fog-powerdns,41138041,218098056118,82.7294
1176,aws-sdk-lexmodelsv2,41104443,218139160561,82.745
1177,rails-observers,41103754,218180264315,82.7606
1178,stringex,41082489,218221346804,82.7761
1179,capistrano-rails,41050678,218262397482,82.7917
1180,puma_worker_killer,41031604,218303429086,82.8073
1181,opentelemetry-instrumentation-net_http,41018790,218344447876,82.8228
1182,net-http-digest_auth,41003698,218385451574,82.8384
1183,aws-sdk-iotdeviceadvisor,40996521,218426448095,82.8539
1184,aws-sdk-sagemakeredgemanager,40992644,218467440739,82.8695
1185,aws-sdk-emrcontainers,40973778,218508414517,82.885
1186,google-apis-discovery_v1,40942873,218549357390,82.9006
1187,fastlane-sirp,40786781,218590144171,82.916
1188,aws-sdk-wellarchitected,40782528,218630926699,82.9315
1189,em-http-request,40782283,218671708982,82.947
1190,path_expander,40767333,218712476315,82.9624
1191,benchmark-memory,40391603,218752867918,82.9778
1192,cose,40355109,218793223027,82.9931
1193,em-socksify,40311456,218833534483,83.0084
1194,sysrandom,40309307,218873843790,83.0237
1195,opentelemetry-instrumentation-faraday,40292618,218914136408,83.0389
1196,aws-sdk-amplifybackend,40227709,218954364117,83.0542
1197,audited,40194498,218994558615,83.0694
1198,aws-sdk-lexruntimev2,40192980,219034751595,83.0847
1199,aws-sdk-healthlake,40157280,219074908875,83.0999
1200,aws-sdk-appintegrationsservice,40127909,219115036784,83.1151
1201,aws-sdk-sagemakerfeaturestoreruntime,40117019,219155153803,83.1304
1202,sass-embedded,40108934,219195262737,83.1456
1203,regexp_property_values,40078348,219235341085,83.1608
1204,aws-sdk-connectcontactlens,40044634,219275385719,83.176
1205,openssl-signature_algorithm,40001498,219315387217,83.1911
1206,ox,39995611,219355382828,83.2063
1207,honeybadger,39985119,219395367947,83.2215
1208,aws-sdk-lookoutforvision,39974050,219435341997,83.2366
1209,metaclass,39764087,219475106084,83.2517
1210,i18n-js,39687094,219514793178,83.2668
1211,webauthn,39685414,219554478592,83.2818
1212,ltsv,39652115,219594130707,83.2969
1213,after_commit_everywhere,39591454,219633722161,83.3119
1214,omniauth-twitter,39539294,219673261455,83.3269
1215,email_reply_trimmer,39506913,219712768368,83.3419
1216,html2text,39472779,219752241147,83.3569
1217,character_set,39463728,219791704875,83.3718
1218,truncato,39462343,219831167218,83.3868
1219,groupdate,39456588,219870623806,83.4018
1220,vmstat,39426455,219910050261,83.4167
1221,android_key_attestation,39410307,219949460568,83.4317
1222,pusher-signature,39378516,219988839084,83.4466
1223,rack-ssl,39373380,220028212464,83.4615
1224,opentelemetry-instrumentation-active_support,39313663,220067526127,83.4764
1225,tpm-key_attestation,39256795,220106782922,83.4913
1226,safety_net_attestation,39251708,220146034630,83.5062
1227,opentelemetry-instrumentation-redis,39190620,220185225250,83.5211
1228,re2,39044256,220224269506,83.5359
1229,reek,39022801,220263292307,83.5507
1230,business_time,39003767,220302296074,83.5655
1231,solargraph,38993051,220341289125,83.5803
1232,kwalify,38926875,220380216000,83.5951
1233,azure-storage-common,38871225,220419087225,83.6098
1234,poltergeist,38868511,220457955736,83.6245
1235,ruby-next-core,38859611,220496815347,83.6393
1236,cocoon,38817527,220535632874,83.654
1237,io-event,38773082,220574405956,83.6687
1238,pyu-ruby-sasl,38759753,220613165709,83.6834
1239,dry-cli,38712605,220651878314,83.6981
1240,inifile,38692218,220690570532,83.7128
1241,ancestry,38681758,220729252290,83.7275
1242,unleash,38604919,220767857209,83.7421
1243,mixlib-versioning,38485199,220806342408,83.7567
1244,aws-sdk-iotfleethub,38482348,220844824756,83.7713
1245,aws-sdk-lookoutequipment,38411558,220883236314,83.7859
1246,rubypants,38393208,220921629522,83.8004
1247,gitlab_omniauth-ldap,38317702,220959947224,83.815
1248,opentelemetry-instrumentation-action_view,38289701,220998236925,83.8295
1249,aws-sdk-mgn,38272943,221036509868,83.844
1250,react-rails,38198289,221074708157,83.8585
1251,vite_ruby,38194024,221112902181,83.873
1252,polyamorous,38144426,221151046607,83.8874
1253,rubocop-minitest,38142021,221189188628,83.9019
1254,webrobots,38118041,221227306669,83.9164
1255,opentelemetry-instrumentation-rails,38117689,221265424358,83.9308
1256,version_sorter,38111066,221303535424,83.9453
1257,asciidoctor-plantuml,37951868,221341487292,83.9597
1258,gitlab-license,37907228,221379394520,83.9741
1259,aws-sdk-lookoutmetrics,37866667,221417261187,83.9884
1260,aws-sdk-fis,37858172,221455119359,84.0028
1261,aws-sdk-apprunner,37739669,221492859028,84.0171
1262,fog-rackspace,37735559,221530594587,84.0314
1263,gitlab-dangerfiles,37621861,221568216448,84.0457
1264,aws-sdk-finspacedata,37608546,221605824994,84.06
1265,pkg-config,37600673,221643425667,84.0742
1266,moneta,37587571,221681013238,84.0885
1267,creole,37547402,221718560640,84.1027
1268,aws-sdk-ssmincidents,37535532,221756096172,84.117
1269,phony,37529586,221793625758,84.1312
1270,flipper-ui,37501242,221831127000,84.1454
1271,sinatra-contrib,37476590,221868603590,84.1596
1272,jekyll-sass-converter,37471782,221906075372,84.1738
1273,awrence,37436933,221943512305,84.188
1274,prime,37360565,221980872870,84.2022
1275,deckar01-task_list,37355720,222018228590,84.2164
1276,aws-sdk-honeycode,37345155,222055573745,84.2306
1277,expression_parser,37344255,222092918000,84.2447
1278,validates_hostname,37278857,222130196857,84.2589
1279,pact-support,37252574,222167449431,84.273
1280,org-ruby,37244807,222204694238,84.2871
1281,amazing_print,37172932,222241867170,84.3012
1282,wikicloth,37080384,222278947554,84.3153
1283,rails_stdout_logging,37072885,222316020439,84.3293
1284,pact-mock_service,36980791,222353001230,84.3434
1285,settingslogic,36948054,222389949284,84.3574
1286,zip-zip,36919061,222426868345,84.3714
1287,pact,36876365,222463744710,84.3854
1288,timfel-krb5-auth,36853888,222500598598,84.3994
1289,momentjs-rails,36801501,222537400099,84.4133
1290,chef-handler-datadog,36736731,222574136830,84.4273
1291,vite_rails,36720803,222610857633,84.4412
1292,peek,36700659,222647558292,84.4551
1293,rails_serve_static_assets,36632258,222684190550,84.469
1294,aws-sdk-finspace,36630615,222720821165,84.4829
1295,aws-sdk-ssmcontacts,36590800,222757411965,84.4968
1296,scientist,36588263,222794000228,84.5107
1297,email_validator,36563480,222830563708,84.5245
1298,semantic_logger,36562255,222867125963,84.5384
1299,grape-path-helpers,36528501,222903654464,84.5523
1300,find_a_port,36493718,222940148182,84.5661
1301,omniauth-oauth2-generic,36328671,222976476853,84.5799
1302,sidekiq-failures,36325861,223012802714,84.5937
1303,opentelemetry-instrumentation-http,36306794,223049109508,84.6074
1304,datadog,36287550,223085397058,84.6212
1305,aws-sdk-applicationcostprofiler,36253955,223121651013,84.6349
1306,mercenary,36095403,223157746416,84.6486
1307,ruby-lsp,36079739,223193826155,84.6623
1308,omniauth-azure-activedirectory-v2,35989532,223229815687,84.676
1309,resque-scheduler,35980357,223265796044,84.6896
1310,rgeo,35943391,223301739435,84.7033
1311,inflecto,35935284,223337674719,84.7169
1312,azure-storage-blob,35907309,223373582028,84.7305
1313,rbnacl,35831207,223409413235,84.7441
1314,opentelemetry-instrumentation-http_client,35623709,223445036944,84.7576
1315,parseconfig,35596116,223480633060,84.7711
1316,asciidoctor-include-ext,35483003,223516116063,84.7846
1317,rb_sys,35482491,223551598554,84.798
1318,gitlab_chronic_duration,35443279,223587041833,84.8115
1319,omniauth_openid_connect,35440258,223622482091,84.8249
1320,aws-sdk-proton,35430376,223657912467,84.8384
1321,slack-messenger,35429678,223693342145,84.8518
1322,gitlab-mail_room,35427108,223728769253,84.8652
1323,backport,35424294,223764193547,84.8787
1324,gitlab-net-dns,35341748,223799535295,84.8921
1325,opentelemetry-instrumentation-active_job,35309097,223834844392,84.9055
1326,graphql-docs,35287326,223870131718,84.9189
1327,font-awesome-sass,35264179,223905395897,84.9322
1328,mini_racer,35210687,223940606584,84.9456
1329,ruby-fogbugz,35146560,223975753144,84.9589
1330,html2haml,35098000,224010851144,84.9722
1331,opentelemetry-instrumentation-pg,35028328,224045879472,84.9855
1332,opentelemetry-instrumentation-concurrent_ruby,34987826,224080867298,84.9988
1333,pry-nav,34964869,224115832167,85.0121
1334,gitlab-chronic,34861341,224150693508,85.0253
1335,figaro,34798430,224185491938,85.0385
1336,mixlib-install,34767415,224220259353,85.0517
1337,compass-import-once,34765938,224255025291,85.0649
1338,gitlab-fog-azure-rm,34735776,224289761067,85.078
1339,extended-markdown-filter,34675502,224324436569,85.0912
1340,rails_12factor,34587823,224359024392,85.1043
1341,active_record_query_trace,34425820,224393450212,85.1174
1342,grape-swagger-entity,34388935,224427839147,85.1304
1343,rspec_profiling,34386098,224462225245,85.1435
1344,activerecord-explain-analyze,34368289,224496593534,85.1565
1345,opentelemetry-instrumentation-graphql,34358380,224530951914,85.1695
1346,safely_block,34285528,224565237442,85.1825
1347,pry-remote,34210616,224599448058,85.1955
1348,data_migrate,34197130,224633645188,85.2085
1349,colorator,34146345,224667791533,85.2214
1350,fiber-annotation,34141910,224701933443,85.2344
1351,anyway_config,34094539,224736027982,85.2473
1352,datadog-ci,34093346,224770121328,85.2602
1353,aws-sdk-chimesdkmessaging,34093197,224804214525,85.2732
1354,jekyll-watch,34073150,224838287675,85.2861
1355,opentelemetry-instrumentation-ethon,34064877,224872352552,85.299
1356,dumb_delegator,34062482,224906415034,85.3119
1357,sentry-ruby-core,33929164,224940344198,85.3248
1358,ruby-debug-ide,33871844,224974216042,85.3377
1359,fluent-plugin-cloudwatch-logs,33830593,225008046635,85.3505
1360,io-like,33774408,225041821043,85.3633
1361,compass-core,33721101,225075542144,85.3761
1362,aws-sdk-opensearchservice,33712987,225109255131,85.3889
1363,tty-table,33674867,225142929998,85.4017
1364,circuitbox,33634261,225176564259,85.4144
1365,png_quantizator,33569747,225210134006,85.4271
1366,gitlab-experiment,33503190,225243637196,85.4399
1367,spoom,33497584,225277134780,85.4526
1368,fog-dynect,33486898,225310621678,85.4653
1369,aws-sdk-account,33407879,225344029557,85.4779
1370,cssbundling-rails,33406176,225377435733,85.4906
1371,flay,33292726,225410728459,85.5032
1372,fluent-plugin-opensearch,33218820,225443947279,85.5158
1373,opentelemetry-instrumentation-aws_sdk,33126298,225477073577,85.5284
1374,sorbet-static-and-runtime,33077355,225510150932,85.541
1375,aws-sdk-route53recoverycluster,33065064,225543215996,85.5535
1376,omniauth-atlassian-oauth2,33050177,225576266173,85.566
1377,aws-sdk-route53recoverycontrolconfig,33049247,225609315420,85.5786
1378,aws-sdk-route53recoveryreadiness,32981292,225642296712,85.5911
1379,airbrake-ruby,32968013,225675264725,85.6036
1380,shoryuken,32936877,225708201602,85.6161
1381,dry-monads,32816319,225741017921,85.6285
1382,cucumber-rails,32786117,225773804038,85.641
1383,fastlane-plugin-appcenter,32782614,225806586652,85.6534
1384,nested_form,32764251,225839350903,85.6658
1385,aws-sdk-chimesdkidentity,32739070,225872089973,85.6782
1386,bcrypt-ruby,32727637,225904817610,85.6907
1387,koala,32707727,225937525337,85.7031
1388,passenger,32692435,225970217772,85.7155
1389,dante,32689876,226002907648,85.7279
1390,google_drive,32663075,226035570723,85.7403
1391,i18n-tasks,32627321,226068198044,85.7526
1392,google-apis-compute_v1,32577951,226100775995,85.765
1393,asciidoctor-kroki,32559940,226133335935,85.7773
1394,aws-sdk-voiceid,32526185,226165862120,85.7897
1395,google-apis-dns_v1,32512878,226198374998,85.802
1396,http-2,32512192,226230887190,85.8143
1397,test_file_finder,32505244,226263392434,85.8267
1398,aws-sdk-snowdevicemanagement,32484337,226295876771,85.839
1399,aws-sdk-memorydb,32433561,226328310332,85.8513
1400,aws-sdk-chimesdkmeetings,32427786,226360738118,85.8636
1401,google-apis-monitoring_v3,32314481,226393052599,85.8759
1402,mize,32310191,226425362790,85.8881
1403,fluent-plugin-aws-elasticsearch-service,32284069,226457646859,85.9004
1404,aws-sdk-connectwisdomservice,32264207,226489911066,85.9126
1405,graphlient,32234660,226522145726,85.9248
1406,coverband,32199102,226554344828,85.937
1407,discard,32184155,226586528983,85.9492
1408,benchmark-perf,32163935,226618692918,85.9614
1409,google-apis-pubsub_v1,32163898,226650856816,85.9736
1410,tapioca,32154591,226683011407,85.9858
1411,undercover,32141455,226715152862,85.998
1412,popper_js,31989334,226747142196,86.0102
1413,bootstrap,31964721,226779106917,86.0223
1414,statsd-instrument,31900107,226811007024,86.0344
1415,amatch,31805530,226842812554,86.0465
1416,google-apis-sqladmin_v1beta4,31789647,226874602201,86.0585
1417,aws-sdk-nimblestudio,31757186,226906359387,86.0706
1418,benchmark-trend,31667370,226938026757,86.0826
1419,opentelemetry-instrumentation-excon,31664651,226969691408,86.0946
1420,roo-xls,31655713,227001347121,86.1066
1421,secure_headers,31576851,227032923972,86.1186
1422,netaddr,31572554,227064496526,86.1306
1423,benchmark-malloc,31558396,227096054922,86.1425
1424,aws-sdk-cloudcontrolapi,31531723,227127586645,86.1545
1425,aws-sdk-kafkaconnect,31531301,227159117946,86.1664
1426,enumerize,31498247,227190616193,86.1784
1427,rspec-benchmark,31494256,227222110449,86.1903
1428,hirb,31474105,227253584554,86.2023
1429,naught,31433509,227285018063,86.2142
1430,aws-sdk-managedgrafana,31376288,227316394351,86.2261
1431,journey,31374469,227347768820,86.238
1432,pathutil,31370577,227379139397,86.2499
1433,waterdrop,31368797,227410508194,86.2618
1434,aws-sdk-rails,31367641,227441875835,86.2737
1435,aws-sdk-panorama,31355874,227473231709,86.2856
1436,imagen,31291882,227504523591,86.2975
1437,ruby-magic,31150353,227535673944,86.3093
1438,rbi,31093047,227566766991,86.3211
1439,aws-sdk-resiliencehub,31022014,227597789005,86.3328
1440,unicorn-worker-killer,31012104,227628801109,86.3446
1441,fluent-plugin-gcloud-pubsub-custom,30997251,227659798360,86.3564
1442,github-markup,30977136,227690775496,86.3681
1443,forwardable-extended,30959051,227721734547,86.3799
1444,declarative_policy,30822090,227752556637,86.3915
1445,aws-sdk-drs,30699784,227783256421,86.4032
1446,cucumber-tag_expressions,30679310,227813935731,86.4148
1447,flamegraph,30661019,227844596750,86.4265
1448,puppet,30601088,227875197838,86.4381
1449,unaccent,30591352,227905789190,86.4497
1450,prometheus_exporter,30526693,227936315883,86.4613
1451,tanuki_emoji,30518499,227966834382,86.4728
1452,discordrb-webhooks,30349542,227997183924,86.4843
1453,ld-eventsource,30324982,228027508906,86.4958
1454,cucumber-expressions,30223926,228057732832,86.5073
1455,fcm,30221921,228087954753,86.5188
1456,rbvmomi,30184290,228118139043,86.5302
1457,spamcheck,30171964,228148311007,86.5417
1458,with_advisory_lock,30168450,228178479457,86.5531
1459,pdfkit,30130665,228208610122,86.5645
1460,contracts,30101906,228238712028,86.576
1461,commander-fastlane,30082879,228268794907,86.5874
1462,fluent-plugin-grok-parser,30031564,228298826471,86.5988
1463,rake-compiler,30008654,228328835125,86.6101
1464,geokit,29959600,228358794725,86.6215
1465,propshaft,29938968,228388733693,86.6329
1466,crystalball,29936979,228418670672,86.6442
1467,columnize,29894053,228448564725,86.6556
1468,aws-sdk-inspector2,29892103,228478456828,86.6669
1469,aws-sdk-migrationhubrefactorspaces,29863839,228508320667,86.6782
1470,aws-sdk-appconfigdata,29829473,228538150140,86.6895
1471,log4r,29749862,228567900002,86.7008
1472,event_stream_parser,29736715,228597636717,86.7121
1473,aws-sdk-backupgateway,29702307,228627339024,86.7234
1474,sd_notify,29679136,228657018160,86.7346
1475,avro,29659983,228686678143,86.7459
1476,aws-sdk-cloudwatchevidently,29550460,228716228603,86.7571
1477,ssh_data,29524560,228745753163,86.7683
1478,aws-sdk-ssooidc,29496022,228775249185,86.7795
1479,aws-sdk-workspacesweb,29465446,228804714631,86.7907
1480,libxml-ruby,29458689,228834173320,86.8018
1481,google-apis-sheets_v4,29425074,228863598394,86.813
1482,active_storage_validations,29396758,228892995152,86.8241
1483,datadog-ruby_core_source,29369876,228922365028,86.8353
1484,binding_ninja,29363005,228951728033,86.8464
1485,hashids,29357422,228981085455,86.8576
1486,stud,29329709,229010415164,86.8687
1487,geoip,29309559,229039724723,86.8798
1488,json_schema,29239574,229068964297,86.8909
1489,aws-sdk-migrationhubstrategyrecommendations,29221685,229098185982,86.902
1490,aws-sdk-amplifyuibuilder,29107132,229127293114,86.913
1491,redmine_crm,29034237,229156327351,86.924
1492,country_select,28911698,229185239049,86.935
1493,pry-rescue,28899950,229214138999,86.946
1494,atomic,28882386,229243021385,86.9569
1495,google-apis-drive_v3,28859760,229271881145,86.9679
1496,launchdarkly-server-sdk,28843965,229300725110,86.9788
1497,aws-sdk-cloudwatchrum,28807717,229329532827,86.9897
1498,rubocop-sorbet,28794276,229358327103,87.0007
1499,aws-sdk-iottwinmaker,28778422,229387105525,87.0116
1500,oga,28747037,229415852562,87.0225
1501,sin_lru_redux,28741817,229444594379,87.0334
1502,promise.rb,28740062,229473334441,87.0443
1503,bourbon,28738862,229502073303,87.0552
1504,faraday_middleware-multi_json,28625916,229530699219,87.066
1505,aws-sdk-recyclebin,28621817,229559321036,87.0769
1506,graphql-batch,28577093,229587898129,87.0877
1507,asana,28560794,229616458923,87.0986
1508,yard-sorbet,28511980,229644970903,87.1094
1509,standard-performance,28474300,229673445203,87.1202
1510,interception,28459135,229701904338,87.131
1511,ruby-ll,28381098,229730285436,87.1417
1512,observer,28342793,229758628229,87.1525
1513,karafka,28312737,229786940966,87.1632
1514,barby,28312239,229815253205,87.174
1515,pry-shell,28305858,229843559063,87.1847
1516,tty-markdown,28274703,229871833766,87.1954
1517,cucumber-ci-environment,28202383,229900036149,87.2061
1518,chef-sugar,28120580,229928156729,87.2168
1519,axe-core-api,28083309,229956240038,87.2275
1520,google-apis-firebaseappdistribution_v1,28002643,229984242681,87.2381
1521,rack-rewrite,27953726,230012196407,87.2487
1522,fluent-plugin-ec2-metadata,27938145,230040134552,87.2593
1523,twitter,27916560,230068051112,87.2699
1524,searchkick,27856457,230095907569,87.2804
1525,posix-spawn,27849351,230123756920,87.291
1526,thwait,27777076,230151533996,87.3015
1527,bootstrap_form,27763954,230179297950,87.3121
1528,standard-custom,27725131,230207023081,87.3226
1529,buftok,27720607,230234743688,87.3331
1530,rspec-instafail,27719134,230262462822,87.3436
1531,braintree,27617540,230290080362,87.3541
1532,adamantium,27614736,230317695098,87.3646
1533,remotipart,27577355,230345272453,87.375
1534,google-cloud-location,27558779,230372831232,87.3855
1535,flog,27533539,230400364771,87.3959
1536,scout_apm,27487895,230427852666,87.4063
1537,deep_cloneable,27434289,230455286955,87.4168
1538,inspec,27433531,230482720486,87.4272
1539,http_accept_language,27409014,230510129500,87.4376
1540,dead_end,27366961,230537496461,87.4479
1541,opentelemetry-instrumentation-rake,27340717,230564837178,87.4583
1542,archive-zip,27226201,230592063379,87.4686
1543,cabin,27211521,230619274900,87.479
1544,bundler-unload,27101063,230646375963,87.4892
1545,hiera,27080891,230673456854,87.4995
1546,abstract_type,27060669,230700517523,87.5098
1547,intercom,27038110,230727555633,87.52
1548,mixlib-authentication,27024086,230754579719,87.5303
1549,digest,27019535,230781599254,87.5405
1550,aliyun-sdk,26899380,230808498634,87.5507
1551,rubocop-rails-omakase,26889020,230835387654,87.5609
1552,expgen,26855003,230862242657,87.5711
1553,roadie,26801004,230889043661,87.5813
1554,chef,26795250,230915838911,87.5914
1555,interactor,26772152,230942611063,87.6016
1556,rgeo-activerecord,26685677,230969296740,87.6117
1557,train,26661779,230995958519,87.6218
1558,procto,26624231,231022582750,87.6319
1559,net-ftp,26520209,231049102959,87.642
1560,concord,26459126,231075562085,87.652
1561,spoon,26458006,231102020091,87.6621
1562,aws-sdk-ivschat,26382393,231128402484,87.6721
1563,gitlab_quality-test_tooling,26343239,231154745723,87.6821
1564,hocon,26333612,231181079335,87.6921
1565,diplomat,26317048,231207396383,87.702
1566,aws-sdk-keyspaces,26290576,231233686959,87.712
1567,aws-sdk-chimesdkmediapipelines,26237405,231259924364,87.722
1568,overcommit,26199837,231286124201,87.7319
1569,pstore,26188790,231312312991,87.7418
1570,jsonb_accessor,26080665,231338393656,87.7517
1571,google-cloud-bigquery,26054243,231364447899,87.7616
1572,abbrev,26016328,231390464227,87.7715
1573,activerecord-postgis-adapter,26014764,231416478991,87.7814
1574,omniauth-alicloud,25905216,231442384207,87.7912
1575,aws-sdk-billingconductor,25815938,231468200145,87.801
1576,fog-vsphere,25726811,231493926956,87.8107
1577,gemojione,25708536,231519635492,87.8205
1578,king_konf,25591664,231545227156,87.8302
1579,aws-sdk-pinpointsmsvoicev2,25522347,231570749503,87.8399
1580,rspec-activemodel-mocks,25477290,231596226793,87.8495
1581,gem-release,25404195,231621630988,87.8592
1582,ci_reporter,25398404,231647029392,87.8688
1583,aws-sdk-emrserverless,25384162,231672413554,87.8784
1584,fog-xenserver,25265582,231697679136,87.888
1585,ruby-enum,25264566,231722943702,87.8976
1586,rabl,25244596,231748188298,87.9072
1587,asset_sync,25154566,231773342864,87.9167
1588,aws-sdk-redshiftserverless,25089611,231798432475,87.9262
1589,sshkey,25077890,231823510365,87.9357
1590,fakeredis,25044900,231848555265,87.9452
1591,ms_rest_azure,25038757,231873594022,87.9547
1592,zlib,24984410,231898578432,87.9642
1593,insist,24961831,231923540263,87.9737
1594,ffi-libarchive,24959991,231948500254,87.9832
1595,ms_rest,24927444,231973427698,87.9926
1596,aws-sdk-connectcampaignservice,24873996,231998301694,88.0021
1597,rails_autolink,24790658,232023092352,88.0115
1598,aws-sdk-mainframemodernization,24778895,232047871247,88.0209
1599,karafka-rdkafka,24769891,232072641138,88.0302
1600,thruster,24733027,232097374165,88.0396
1601,karafka-core,24695998,232122070163,88.049
1602,rolify,24695258,232146765421,88.0584
1603,traces,24686530,232171451951,88.0677
1604,pleaserun,24683272,232196135223,88.0771
1605,awesome_nested_set,24681471,232220816694,88.0865
1606,site_prism,24602461,232245419155,88.0958
1607,rails_semantic_logger,24561918,232269981073,88.1051
1608,retries,24557748,232294538821,88.1144
1609,activerecord-nulldb-adapter,24508695,232319047516,88.1237
1610,active_record_union,24499078,232343546594,88.133
1611,inline_svg,24420771,232367967365,88.1423
1612,transproc,24407871,232392375236,88.1515
1613,axe-core-rspec,24394740,232416769976,88.1608
1614,rvm,24286110,232441056086,88.17
1615,codecov,24274809,232465330895,88.1792
1616,composite_primary_keys,24270124,232489601019,88.1884
1617,plaid,24252474,232513853493,88.1976
1618,meta_request,24247764,232538101257,88.2068
1619,dry-auto_inject,24213058,232562314315,88.216
1620,opentelemetry-helpers-sql-obfuscation,24212133,232586526448,88.2252
1621,google-apis-firebaseappdistribution_v1alpha,24205862,232610732310,88.2344
1622,kt-paperclip,24185223,232634917533,88.2435
1623,logstash-logger,24156354,232659073887,88.2527
1624,activemerchant,24144621,232683218508,88.2619
1625,aws-sdk-rolesanywhere,24092711,232707311219,88.271
1626,capistrano-rvm,24035451,232731346670,88.2801
1627,progress_bar,24023147,232755369817,88.2892
1628,exception_notification,23952810,232779322627,88.2983
1629,xmlrpc,23924208,232803246835,88.3074
1630,gitlab-triage,23919489,232827166324,88.3165
1631,default_value_for,23903607,232851069931,88.3255
1632,sidekiq-status,23795678,232874865609,88.3346
1633,simplecov-json,23780122,232898645731,88.3436
1634,scss_lint,23747590,232922393321,88.3526
1635,maxminddb,23741030,232946134351,88.3616
1636,opentelemetry-instrumentation-grape,23723270,232969857621,88.3706
1637,kamal,23713897,232993571518,88.3796
1638,cvss-suite,23676001,233017247519,88.3886
1639,options,23601379,233040848898,88.3975
1640,db-query-matchers,23596901,233064445799,88.4065
1641,clockwork,23586706,233088032505,88.4154
1642,rubocop-thread_safety,23575169,233111607674,88.4244
1643,jsbundling-rails,23486803,233135094477,88.4333
1644,solid_queue,23478304,233158572781,88.4422
1645,aws-sdk-licensemanagerusersubscriptions,23453764,233182026545,88.4511
1646,minitest-spec-rails,23403904,233205430449,88.4599
1647,winrm,23364989,233228795438,88.4688
1648,pdf-inspector,23363680,233252159118,88.4777
1649,oauth-tty,23340895,233275500013,88.4865
1650,allure-ruby-commons,23301520,233298801533,88.4954
1651,telesign,23300682,233322102215,88.5042
1652,unicode,23298314,233345400529,88.513
1653,dnsruby,23295289,233368695818,88.5219
1654,influxdb-client,23173041,233391868859,88.5307
1655,puppet-lint,23121942,233414990801,88.5394
1656,ntlm-http,23067361,233438058162,88.5482
1657,carmen,23054703,233461112865,88.5569
1658,action_text-trix,23047278,233484160143,88.5657
1659,flipper-redis,22959008,233507119151,88.5744
1660,jsonapi-serializer,22948872,233530068023,88.5831
1661,hanami-utils,22864715,233552932738,88.5918
1662,opentelemetry-instrumentation-action_mailer,22863200,233575795938,88.6004
1663,aws-sdk-supportapp,22830176,233598626114,88.6091
1664,chef-vault,22818110,233621444224,88.6177
1665,rbtree3,22792256,233644236480,88.6264
1666,google-apis-cloudresourcemanager_v1,22736045,233666972525,88.635
1667,aws-sdk-controltower,22720896,233689693421,88.6436
1668,middleware,22679081,233712372502,88.6522
1669,validates_timeliness,22632884,233735005386,88.6608
1670,oj-introspect,22593769,233757599155,88.6694
1671,jruby-openssl,22570544,233780169699,88.678
1672,time,22485601,233802655300,88.6865
1673,net-ssh-multi,22418599,233825073899,88.695
1674,guard-rubocop,22414244,233847488143,88.7035
1675,forwardable,22370991,233869859134,88.712
1676,sucker_punch,22340312,233892199446,88.7204
1677,aws-sdk-iotfleetwise,22320760,233914520206,88.7289
1678,graphlyte,22291459,233936811665,88.7374
1679,telesignenterprise,22290290,233959101955,88.7458
1680,faraday-typhoeus,22276352,233981378307,88.7543
1681,faraday-mashify,22217863,234003596170,88.7627
1682,chef-zero,22197006,234025793176,88.7711
1683,string-scrub,22196249,234047989425,88.7795
1684,counter_culture,22159299,234070148724,88.7879
1685,gettext_i18n_rails_js,22144276,234092293000,88.7963
1686,knapsack_pro,22142729,234114435729,88.8047
1687,aws-sdk-connectcases,22133407,234136569136,88.8131
1688,xcode-install,22121838,234158690974,88.8215
1689,app_store_connect,22117093,234180808067,88.8299
1690,semver_dialects,22105167,234202913234,88.8383
1691,aws-sdk-migrationhuborchestrator,22036812,234224950046,88.8467
1692,aws-sdk-scheduler,22033933,234246983979,88.855
1693,busser,22000330,234268984309,88.8634
1694,to_regexp,21977883,234290962192,88.8717
1695,google-apis-iam_v1,21962863,234312925055,88.88
1696,roadie-rails,21946411,234334871466,88.8884
1697,filelock,21887313,234356758779,88.8967
1698,constant_resolver,21867888,234378626667,88.905
1699,slather,21825752,234400452419,88.9132
1700,rqrcode-rails3,21800075,234422252494,88.9215
1701,po_to_json,21786793,234444039287,88.9298
1702,libv8-node,21764229,234465803516,88.938
1703,neighbor,21762253,234487565769,88.9463
1704,devise-security,21759985,234509325754,88.9545
1705,mixpanel-ruby,21754042,234531079796,88.9628
1706,opentelemetry-instrumentation-mysql2,21734465,234552814261,88.971
1707,semantic_puppet,21703395,234574517656,88.9793
1708,less,21692940,234596210596,88.9875
1709,devfile,21647233,234617857829,88.9957
1710,sys-proctable,21637259,234639495088,89.0039
1711,barnes,21555163,234661050251,89.0121
1712,actionpack-action_caching,21516486,234682566737,89.0203
1713,fiddle,21453564,234704020301,89.0284
1714,phantomjs,21427598,234725447899,89.0365
1715,rdkafka,21420186,234746868085,89.0446
1716,json_spec,21403981,234768272066,89.0528
1717,duo_api,21384676,234789656742,89.0609
1718,aws-sdk-bedrockruntime,21346019,234811002761,89.069
1719,commonjs,21290157,234832292918,89.077
1720,caxlsx_rails,21280072,234853572990,89.0851
1721,toml,21278385,234874851375,89.0932
1722,tty-which,21263317,234896114692,89.1013
1723,packwerk,21261919,234917376611,89.1093
1724,filesize,21243161,234938619772,89.1174
1725,ruby-hmac,21239821,234959859593,89.1254
1726,google-apis-container_v1,21231977,234981091570,89.1335
1727,google-apis-serviceusage_v1,21222910,235002314480,89.1415
1728,google-apis-container_v1beta1,21205709,235023520189,89.1496
1729,google-apis-cloudbilling_v1,21199854,235044720043,89.1576
1730,fluent-plugin-out-http,21118466,235065838509,89.1656
1731,roda,21110849,235086949358,89.1736
1732,meta-tags,21074980,235108024338,89.1816
1733,postmark,21031502,235129055840,89.1896
1734,prawn-svg,21010582,235150066422,89.1976
1735,docker_registry2,20981976,235171048398,89.2055
1736,rspec-json_expectations,20981271,235192029669,89.2135
1737,gmail_xoauth,20979762,235213009431,89.2215
1738,ruby2ruby,20973286,235233982717,89.2294
1739,aws-record,20964176,235254946893,89.2374
1740,phony_rails,20903892,235275850785,89.2453
1741,gserver,20845320,235296696105,89.2532
1742,erb_lint,20813898,235317510003,89.2611
1743,solid_cache,20765866,235338275869,89.269
1744,fluent-plugin-kinesis,20757580,235359033449,89.2769
1745,rss,20741732,235379775181,89.2847
1746,ipaddr,20682826,235400458007,89.2926
1747,aws-sdk-resourceexplorer2,20677408,235421135415,89.3004
1748,aws-sdk-chimesdkvoice,20640989,235441776404,89.3082
1749,smarter_csv,20612711,235462389115,89.3161
1750,rails_best_practices,20584161,235482973276,89.3239
1751,cocoapods-stats,20572819,235503546095,89.3317
1752,jekyll-feed,20561271,235524107366,89.3395
1753,aws-sdk-ssmsap,20521925,235544629291,89.3473
1754,dependabot-common,20516744,235565146035,89.355
1755,attr_extras,20494365,235585640400,89.3628
1756,allure-rspec,20492241,235606132641,89.3706
1757,proxifier,20468427,235626601068,89.3783
1758,google-apis-bigquery_v2,20463407,235647064475,89.3861
1759,aws-sdk-omics,20458447,235667522922,89.3939
1760,fog-cloudatcost,20450004,235687972926,89.4016
1761,puppet_forge,20417527,235708390453,89.4094
1762,hanami-cli,20359628,235728750081,89.4171
1763,aws-sdk-codecatalyst,20337601,235749087682,89.4248
1764,aws-sdk-pipes,20302583,235769390265,89.4325
1765,devise-i18n,20302445,235789692710,89.4402
1766,aws-sdk-arczonalshift,20288081,235809980791,89.4479
1767,aws-sdk-opensearchserverless,20277366,235830258157,89.4556
1768,aws-sdk-securitylake,20269120,235850527277,89.4633
1769,aws-sdk-docdbelastic,20262964,235870790241,89.471
1770,aws-sdk-oam,20259136,235891049377,89.4787
1771,less-rails,20242743,235911292120,89.4863
1772,aws-sdk-privatenetworks,20218597,235931510717,89.494
1773,aws-sdk-sagemakergeospatial,20205450,235951716167,89.5017
1774,fluent-plugin-multi-format-parser,20203384,235971919551,89.5093
1775,fluent-plugin-concat,20195855,235992115406,89.517
1776,syntax_tree,20136238,236012251644,89.5246
1777,aws-sdk-simspaceweaver,20131181,236032382825,89.5323
1778,net-http2,20070173,236052452998,89.5399
1779,cloudinary,20048408,236072501406,89.5475
1780,semaphore_test_boosters,20015595,236092517001,89.5551
1781,dependabot-omnibus,20003481,236112520482,89.5627
1782,dependabot-terraform,19996092,236132516574,89.5702
1783,active_hash,19935084,236152451658,89.5778
1784,dependabot-git_submodules,19930526,236172382184,89.5854
1785,dependabot-nuget,19894843,236192277027,89.5929
1786,axlsx,19879091,236212156118,89.6005
1787,dependabot-python,19851130,236232007248,89.608
1788,dependabot-gradle,19849185,236251856433,89.6155
1789,dependabot-docker,19834284,236271690717,89.623
1790,prettier_print,19811742,236291502459,89.6306
1791,aws-sdk-sagemakermetrics,19810202,236311312661,89.6381
1792,appsignal,19798244,236331110905,89.6456
1793,dependabot-cargo,19793639,236350904544,89.6531
1794,dependabot-elm,19793615,236370698159,89.6606
1795,dalli-elasticache,19782581,236390480740,89.6681
1796,dependabot-maven,19766192,236410246932,89.6756
1797,dependabot-composer,19765090,236430012022,89.6831
1798,semaphore_cucumber_booster_config,19762258,236449774280,89.6906
1799,chromedriver-helper,19740756,236469515036,89.6981
1800,sort_alphabetical,19723987,236489239023,89.7056
1801,compass-rails,19719775,236508958798,89.713
1802,bson_ext,19714376,236528673174,89.7205
1803,state_machine,19711006,236548384180,89.728
1804,code_analyzer,19693501,236568077681,89.7355
1805,dependabot-hex,19680930,236587758611,89.7429
1806,dependabot-go_modules,19673036,236607431647,89.7504
1807,dependabot-npm_and_yarn,19642954,236627074601,89.7578
1808,paint,19623113,236646697714,89.7653
1809,singleton,19531628,236666229342,89.7727
1810,dependabot-bundler,19531499,236685760841,89.7801
1811,net-ping,19513661,236705274502,89.7875
1812,gettext-setup,19511424,236724785926,89.7949
1813,fileutils,19500101,236744286027,89.8023
1814,fastlane-plugin-sentry,19391626,236763677653,89.8097
1815,aws-sdk-kinesisvideowebrtcstorage,19284006,236782961659,89.817
1816,strip_attributes,19259175,236802220834,89.8243
1817,creek,19180016,236821400850,89.8316
1818,headless,19172917,236840573767,89.8388
1819,gibbon,19170641,236859744408,89.8461
1820,opentelemetry-instrumentation-dalli,19163675,236878908083,89.8534
1821,aws-sdk-licensemanagerlinuxsubscriptions,19157354,236898065437,89.8606
1822,ejson,19149774,236917215211,89.8679
1823,omniauth-shibboleth-redux,19146411,236936361622,89.8752
1824,pghero,19139588,236955501210,89.8824
1825,rack-utf8_sanitizer,19086212,236974587422,89.8897
1826,async-io,19041658,236993629080,89.8969
1827,aws_cf_signer,19009814,237012638894,89.9041
1828,datadog_api_client,18997856,237031636750,89.9113
1829,fluent-plugin-detect-exceptions,18996199,237050632949,89.9185
1830,ruby-dbus,18982580,237069615529,89.9257
1831,aws-sdk-cleanrooms,18968005,237088583534,89.9329
1832,strptime,18965178,237107548712,89.9401
1833,aws-sdk-kendraranking,18887547,237126436259,89.9473
1834,page-object,18827798,237145264057,89.9544
1835,rubocop-gitlab-security,18775249,237164039306,89.9615
1836,errbase,18772911,237182812217,89.9686
1837,hashie-forbidden_attributes,18721084,237201533301,89.9758
1838,protocol-http,18698046,237220231347,89.9828
1839,google-cloud-profiler-v2,18631720,237238863067,89.9899
1840,zstd-ruby,18626425,237257489492,89.997
1841,mailgun-ruby,18611622,237276101114,90.004
